bear,video,frame,body_length,limb_length,num_feet_down,num_rearfeet_down,L1_leg_down,L1_leg_loc,R1_leg_down,R1_leg_loc,L2_leg_down,L2_leg_loc,R2_leg_down,R2_leg_loc,L3_leg_down,L3_leg_loc,R3_leg_down,R3_leg_loc,L4_leg_down,L4_leg_loc,R4_leg_down,R4_leg_loc,head_pos,center_pos,COM_dist,COM_speed,tail_pos
05082019-Bear5,4,1,323.5052125,34.01562141,5,2,1,"(1504.0, 917.0)",1,"(1380.0, 787.0)",0,0,1,"(1538.0, 783.0)",1,"(1630.0, 925.0)",1,"(1694.0, 797.0)",1,"(1860.0, 905.0)",1,"(1862.0, 821.0)","(1256.0, 854.0)","(1524.0, 855.0)",16.5,825,"(1827.0, 864.0)"
05082019-Bear5,4,2,323.5052125,34.01562141,4,2,1,"(1490.0, 907.0)",1,"(1380.0, 787.0)",0,0,1,"(1538.0, 783.0)",1,"(1630.0, 925.0)",0,0,1,"(1828.0, 899.0)",1,"(1840.0, 821.0)","(1242.0, 868.0)","(1494.0, 855.0)",0,0,"(1827.0, 864.0)"
05082019-Bear5,4,3,323.5052125,34.01562141,4,2,1,"(1492.0, 907.0)",1,"(1380.0, 787.0)",0,0,1,"(1538.0, 783.0)",1,"(1630.0, 925.0)",0,0,1,"(1828.0, 899.0)",1,"(1840.0, 821.0)","(1242.0, 868.0)","(1494.0, 855.0)",1.65,82.5,"(1827.0, 864.0)"
05082019-Bear5,4,4,323.5052125,34.01562141,4,1,1,"(1492.0, 907.0)",1,"(1380.0, 787.0)",0,0,1,"(1538.0, 783.0)",1,"(1630.0, 925.0)",0,0,0,0,1,"(1840.0, 821.0)","(1232.0, 866.0)","(1494.0, 858.0)",0,0,"(1788.0, 855.0)"
05082019-Bear5,4,5,323.5052125,34.01562141,4,1,1,"(1492.0, 907.0)",1,"(1380.0, 787.0)",0,0,1,"(1522.0, 775.0)",1,"(1630.0, 925.0)",0,0,0,0,1,"(1840.0, 821.0)","(1220.0, 862.0)","(1494.0, 858.0)",17.22650574,861.325287,"(1788.0, 855.0)"
05082019-Bear5,4,6,323.5052125,34.01562141,4,1,1,"(1434.0, 897.0)",1,"(1360.0, 779.0)",0,0,1,"(1522.0, 775.0)",1,"(1630.0, 925.0)",0,0,0,0,1,"(1814.0, 819.0)","(1208.0, 836.0)","(1464.0, 849.0)",0,0,"(1788.0, 855.0)"
05082019-Bear5,4,7,323.5052125,34.01562141,4,1,1,"(1434.0, 897.0)",1,"(1360.0, 779.0)",0,0,1,"(1484.0, 785.0)",1,"(1630.0, 925.0)",0,0,0,0,1,"(1814.0, 819.0)","(1200.0, 824.0)","(1464.0, 849.0)",0,0,"(1788.0, 855.0)"
05082019-Bear5,4,8,323.5052125,34.01562141,3,1,0,0,1,"(1360.0, 779.0)",0,0,1,"(1484.0, 785.0)",1,"(1606.0, 923.0)",0,0,0,0,1,"(1814.0, 819.0)","(1190.0, 814.0)","(1464.0, 849.0)",0,0,"(1749.0, 861.0)"
05082019-Bear5,4,9,323.5052125,34.01562141,4,1,0,0,1,"(1360.0, 779.0)",0,0,1,"(1484.0, 785.0)",1,"(1606.0, 923.0)",1,"(1538.0, 781.0)",0,0,1,"(1814.0, 819.0)","(1176.0, 818.0)","(1464.0, 849.0)",0,0,"(1749.0, 861.0)"
05082019-Bear5,4,10,323.5052125,34.01562141,4,1,0,0,1,"(1360.0, 779.0)",0,0,1,"(1484.0, 785.0)",1,"(1606.0, 923.0)",1,"(1538.0, 781.0)",0,0,1,"(1814.0, 819.0)","(1176.0, 824.0)","(1464.0, 849.0)",20.40937285,1020.468642,"(1749.0, 861.0)"
05082019-Bear5,4,11,323.5052125,34.01562141,4,1,0,0,1,"(1330.0, 783.0)",0,0,1,"(1468.0, 785.0)",1,"(1594.0, 927.0)",1,"(1538.0, 781.0)",0,0,1,"(1814.0, 819.0)","(1176.0, 814.0)","(1428.0, 858.0)",0,0,"(1749.0, 861.0)"
05082019-Bear5,4,12,323.5052125,34.01562141,4,1,0,0,1,"(1330.0, 783.0)",0,0,1,"(1468.0, 785.0)",1,"(1594.0, 927.0)",1,"(1538.0, 781.0)",0,0,1,"(1788.0, 823.0)","(1176.0, 806.0)","(1428.0, 858.0)",0,0,"(1716.0, 867.0)"
05082019-Bear5,4,13,323.5052125,34.01562141,4,1,0,0,1,"(1330.0, 783.0)",0,0,1,"(1468.0, 785.0)",1,"(1594.0, 927.0)",1,"(1538.0, 781.0)",0,0,1,"(1788.0, 823.0)","(1170.0, 798.0)","(1428.0, 858.0)",0,0,"(1716.0, 867.0)"
05082019-Bear5,4,14,323.5052125,34.01562141,3,1,0,0,1,"(1330.0, 783.0)",0,0,0,0,1,"(1580.0, 927.0)",1,"(1538.0, 781.0)",0,0,1,"(1788.0, 823.0)","(1168.0, 796.0)","(1428.0, 858.0)",0,0,"(1716.0, 867.0)"
05082019-Bear5,4,15,323.5052125,34.01562141,4,1,0,0,1,"(1330.0, 783.0)",1,"(1382.0, 913.0)",0,0,1,"(1580.0, 927.0)",1,"(1538.0, 781.0)",0,0,1,"(1788.0, 823.0)","(1160.0, 780.0)","(1428.0, 858.0)",0,0,"(1716.0, 867.0)"
05082019-Bear5,4,16,323.5052125,34.01562141,4,1,0,0,1,"(1330.0, 783.0)",1,"(1382.0, 913.0)",0,0,1,"(1580.0, 927.0)",1,"(1538.0, 781.0)",0,0,1,"(1764.0, 823.0)","(1154.0, 762.0)","(1428.0, 858.0)",15.56606887,778.3034434,"(1716.0, 867.0)"
05082019-Bear5,4,17,323.5052125,34.01562141,4,2,0,0,1,"(1332.0, 769.0)",1,"(1382.0, 913.0)",0,0,1,"(1580.0, 927.0)",1,"(1538.0, 781.0)",1,"(1730.0, 903.0)",1,"(1764.0, 823.0)","(1156.0, 762.0)","(1404.0, 843.0)",0,0,"(1716.0, 867.0)"
05082019-Bear5,4,18,323.5052125,34.01562141,4,2,0,0,1,"(1332.0, 769.0)",1,"(1382.0, 913.0)",0,0,1,"(1580.0, 927.0)",1,"(1538.0, 781.0)",1,"(1730.0, 903.0)",1,"(1764.0, 823.0)","(1148.0, 752.0)","(1404.0, 843.0)",0,0,"(1686.0, 861.0)"
05082019-Bear5,4,19,323.5052125,34.01562141,4,2,0,0,1,"(1332.0, 769.0)",1,"(1382.0, 913.0)",0,0,1,"(1580.0, 927.0)",1,"(1538.0, 781.0)",1,"(1730.0, 903.0)",1,"(1742.0, 831.0)","(1144.0, 744.0)","(1404.0, 843.0)",0,0,"(1686.0, 861.0)"
05082019-Bear5,4,20,323.5052125,34.01562141,4,2,0,0,1,"(1306.0, 767.0)",1,"(1382.0, 913.0)",0,0,1,"(1580.0, 927.0)",1,"(1538.0, 781.0)",1,"(1712.0, 907.0)",1,"(1742.0, 831.0)","(1124.0, 770.0)","(1404.0, 843.0)",19.93702586,996.8512928,"(1686.0, 861.0)"
05082019-Bear5,4,21,323.5052125,34.01562141,4,1,1,"(1196.0, 867.0)",1,"(1306.0, 767.0)",1,"(1382.0, 913.0)",0,0,0,0,1,"(1538.0, 781.0)",1,"(1712.0, 907.0)",0,0,"(1122.0, 782.0)","(1371.0, 858.0)",0,0,"(1686.0, 861.0)"
05082019-Bear5,4,22,323.5052125,34.01562141,4,1,1,"(1196.0, 867.0)",1,"(1306.0, 767.0)",1,"(1382.0, 913.0)",0,0,0,0,1,"(1538.0, 781.0)",1,"(1712.0, 907.0)",0,0,"(1118.0, 766.0)","(1371.0, 858.0)",5.949159605,297.4579802,"(1686.0, 861.0)"
05082019-Bear5,4,23,323.5052125,34.01562141,4,1,1,"(1196.0, 867.0)",1,"(1284.0, 767.0)",1,"(1382.0, 913.0)",0,0,0,0,1,"(1538.0, 781.0)",1,"(1712.0, 907.0)",0,0,"(1110.0, 768.0)","(1380.0, 852.0)",0,0,"(1644.0, 870.0)"
05082019-Bear5,4,24,323.5052125,34.01562141,3,1,1,"(1196.0, 867.0)",0,0,1,"(1382.0, 913.0)",0,0,0,0,1,"(1534.0, 781.0)",1,"(1712.0, 907.0)",0,0,"(1108.0, 770.0)","(1380.0, 852.0)",0,0,"(1644.0, 870.0)"
05082019-Bear5,4,25,323.5052125,34.01562141,4,1,1,"(1200.0, 879.0)",0,0,1,"(1382.0, 913.0)",1,"(1318.0, 765.0)",0,0,1,"(1534.0, 781.0)",1,"(1686.0, 911.0)",0,0,"(1092.0, 770.0)","(1380.0, 852.0)",0,0,"(1644.0, 870.0)"
05082019-Bear5,4,26,323.5052125,34.01562141,4,1,1,"(1200.0, 879.0)",0,0,1,"(1382.0, 913.0)",1,"(1318.0, 765.0)",0,0,1,"(1534.0, 781.0)",1,"(1686.0, 911.0)",0,0,"(1078.0, 780.0)","(1380.0, 852.0)",23.1,1155,"(1644.0, 870.0)"
05082019-Bear5,4,27,323.5052125,34.01562141,4,1,1,"(1200.0, 879.0)",0,0,1,"(1346.0, 913.0)",1,"(1318.0, 765.0)",0,0,1,"(1506.0, 797.0)",1,"(1686.0, 911.0)",0,0,"(1062.0, 794.0)","(1338.0, 852.0)",0,0,"(1644.0, 870.0)"
05082019-Bear5,4,28,323.5052125,34.01562141,4,1,1,"(1200.0, 879.0)",0,0,1,"(1346.0, 913.0)",1,"(1318.0, 765.0)",0,0,1,"(1506.0, 797.0)",1,"(1686.0, 911.0)",0,0,"(1056.0, 798.0)","(1338.0, 852.0)",0,0,"(1605.0, 864.0)"
05082019-Bear5,4,29,323.5052125,34.01562141,4,1,1,"(1200.0, 879.0)",0,0,1,"(1346.0, 913.0)",1,"(1318.0, 765.0)",0,0,1,"(1506.0, 797.0)",1,"(1686.0, 911.0)",0,0,"(1052.0, 798.0)","(1338.0, 852.0)",0,0,"(1605.0, 864.0)"
05082019-Bear5,4,30,323.5052125,34.01562141,4,1,1,"(1200.0, 879.0)",0,0,1,"(1326.0, 903.0)",1,"(1318.0, 765.0)",0,0,1,"(1496.0, 795.0)",1,"(1686.0, 911.0)",0,0,"(1046.0, 798.0)","(1338.0, 852.0)",0,0,"(1605.0, 864.0)"
05082019-Bear5,4,31,323.5052125,34.01562141,4,1,1,"(1200.0, 879.0)",0,0,1,"(1326.0, 903.0)",1,"(1318.0, 765.0)",0,0,1,"(1496.0, 795.0)",1,"(1672.0, 905.0)",0,0,"(1046.0, 798.0)","(1338.0, 852.0)",21.45,1072.5,"(1605.0, 864.0)"
05082019-Bear5,4,32,323.5052125,34.01562141,4,1,1,"(1200.0, 879.0)",0,0,1,"(1326.0, 903.0)",1,"(1318.0, 765.0)",0,0,1,"(1496.0, 795.0)",1,"(1672.0, 905.0)",0,0,"(1036.0, 816.0)","(1302.0, 837.0)",0,0,"(1605.0, 864.0)"
05082019-Bear5,4,33,323.5052125,34.01562141,4,1,1,"(1200.0, 879.0)",0,0,1,"(1326.0, 903.0)",1,"(1318.0, 765.0)",0,0,1,"(1496.0, 795.0)",1,"(1672.0, 905.0)",0,0,"(1034.0, 822.0)","(1302.0, 837.0)",0,0,"(1605.0, 864.0)"
05082019-Bear5,4,34,323.5052125,34.01562141,5,0,1,"(1200.0, 879.0)",1,"(1132.0, 759.0)",1,"(1326.0, 903.0)",1,"(1318.0, 765.0)",0,0,1,"(1472.0, 785.0)",0,0,0,0,"(1030.0, 832.0)","(1302.0, 837.0)",0,0,"(1581.0, 846.0)"
05082019-Bear5,4,35,323.5052125,34.01562141,6,0,1,"(1184.0, 879.0)",1,"(1132.0, 759.0)",1,"(1310.0, 899.0)",1,"(1312.0, 761.0)",1,"(1368.0, 903.0)",1,"(1472.0, 785.0)",0,0,0,0,"(1024.0, 844.0)","(1302.0, 837.0)",0,0,"(1581.0, 846.0)"
05082019-Bear5,4,36,323.5052125,34.01562141,6,0,1,"(1184.0, 879.0)",1,"(1132.0, 759.0)",1,"(1310.0, 899.0)",1,"(1312.0, 761.0)",1,"(1368.0, 903.0)",1,"(1472.0, 785.0)",0,0,0,0,"(1016.0, 844.0)","(1302.0, 837.0)",0,0,"(1581.0, 846.0)"
05082019-Bear5,4,37,323.5052125,34.01562141,5,0,1,"(1184.0, 879.0)",1,"(1132.0, 759.0)",1,"(1310.0, 899.0)",1,"(1312.0, 761.0)",1,"(1368.0, 903.0)",0,0,0,0,0,0,"(1002.0, 850.0)","(1302.0, 837.0)",21.70236162,1085.118081,"(1581.0, 846.0)"
05082019-Bear5,4,38,323.5052125,34.01562141,5,0,1,"(1184.0, 879.0)",1,"(1132.0, 759.0)",1,"(1278.0, 889.0)",1,"(1312.0, 761.0)",1,"(1374.0, 899.0)",0,0,0,0,0,0,"(1002.0, 850.0)","(1263.0, 831.0)",0,0,"(1545.0, 834.0)"
05082019-Bear5,4,39,323.5052125,34.01562141,5,0,1,"(1184.0, 879.0)",1,"(1132.0, 759.0)",1,"(1278.0, 889.0)",1,"(1312.0, 761.0)",1,"(1374.0, 899.0)",0,0,0,0,0,0,"(978.0, 832.0)","(1263.0, 831.0)",0,0,"(1545.0, 834.0)"
05082019-Bear5,4,40,323.5052125,34.01562141,4,0,1,"(1150.0, 865.0)",1,"(1132.0, 759.0)",0,0,1,"(1266.0, 745.0)",1,"(1374.0, 899.0)",0,0,0,0,0,0,"(966.0, 808.0)","(1263.0, 831.0)",0,0,"(1545.0, 834.0)"
05082019-Bear5,4,41,323.5052125,34.01562141,4,0,1,"(1150.0, 865.0)",1,"(1114.0, 745.0)",0,0,1,"(1266.0, 745.0)",1,"(1358.0, 885.0)",0,0,0,0,0,0,"(950.0, 800.0)","(1263.0, 831.0)",28.0984875,1404.924375,"(1545.0, 834.0)"
05082019-Bear5,4,42,323.5052125,34.01562141,4,0,1,"(1150.0, 865.0)",1,"(1114.0, 745.0)",0,0,1,"(1266.0, 745.0)",1,"(1358.0, 885.0)",0,0,0,0,0,0,"(946.0, 788.0)","(1212.0, 834.0)",0,0,"(1506.0, 825.0)"
05082019-Bear5,4,43,323.5052125,34.01562141,4,1,1,"(1114.0, 865.0)",1,"(1114.0, 745.0)",0,0,1,"(1266.0, 745.0)",1,"(1358.0, 885.0)",0,0,0,0,1,"(1548.0, 789.0)","(946.0, 782.0)","(1212.0, 834.0)",0,0,"(1506.0, 825.0)"
05082019-Bear5,4,44,323.5052125,34.01562141,4,1,1,"(1114.0, 865.0)",1,"(1114.0, 745.0)",0,0,1,"(1236.0, 749.0)",1,"(1358.0, 885.0)",0,0,0,0,1,"(1548.0, 789.0)","(946.0, 782.0)","(1212.0, 834.0)",0,0,"(1506.0, 825.0)"
05082019-Bear5,4,45,323.5052125,34.01562141,4,1,1,"(1114.0, 865.0)",1,"(1106.0, 743.0)",0,0,1,"(1236.0, 749.0)",1,"(1338.0, 879.0)",0,0,0,0,1,"(1548.0, 789.0)","(942.0, 782.0)","(1212.0, 834.0)",0,0,"(1506.0, 825.0)"
05082019-Bear5,4,46,323.5052125,34.01562141,4,1,0,0,1,"(1106.0, 743.0)",0,0,1,"(1236.0, 749.0)",1,"(1338.0, 879.0)",1,"(1290.0, 739.0)",0,0,1,"(1548.0, 789.0)","(940.0, 782.0)","(1212.0, 834.0)",10.43551628,521.7758139,"(1488.0, 825.0)"
05082019-Bear5,4,47,323.5052125,34.01562141,4,1,0,0,1,"(1106.0, 743.0)",1,"(1158.0, 885.0)",0,0,1,"(1338.0, 879.0)",1,"(1290.0, 739.0)",0,0,1,"(1548.0, 789.0)","(934.0, 772.0)","(1206.0, 816.0)",0,0,"(1488.0, 825.0)"
05082019-Bear5,4,48,323.5052125,34.01562141,4,1,0,0,1,"(1106.0, 743.0)",1,"(1158.0, 885.0)",0,0,1,"(1338.0, 879.0)",1,"(1290.0, 739.0)",0,0,1,"(1548.0, 789.0)","(928.0, 756.0)","(1206.0, 816.0)",0,0,"(1488.0, 825.0)"
05082019-Bear5,4,49,323.5052125,34.01562141,4,1,0,0,1,"(1106.0, 743.0)",1,"(1158.0, 885.0)",0,0,1,"(1338.0, 879.0)",1,"(1290.0, 739.0)",0,0,1,"(1548.0, 789.0)","(924.0, 756.0)","(1206.0, 816.0)",0,0,"(1488.0, 825.0)"
05082019-Bear5,4,50,323.5052125,34.01562141,4,1,0,0,1,"(1076.0, 739.0)",1,"(1158.0, 885.0)",0,0,1,"(1346.0, 879.0)",1,"(1290.0, 739.0)",0,0,1,"(1532.0, 789.0)","(914.0, 756.0)","(1206.0, 816.0)",0,0,"(1461.0, 822.0)"
05082019-Bear5,4,51,323.5052125,34.01562141,4,1,0,0,1,"(1076.0, 739.0)",1,"(1158.0, 885.0)",0,0,1,"(1346.0, 879.0)",1,"(1290.0, 739.0)",0,0,1,"(1532.0, 789.0)","(912.0, 760.0)","(1206.0, 816.0)",21.45,1072.5,"(1461.0, 822.0)"
05082019-Bear5,4,52,323.5052125,34.01562141,4,1,0,0,1,"(1076.0, 739.0)",1,"(1158.0, 885.0)",0,0,1,"(1346.0, 879.0)",1,"(1290.0, 739.0)",0,0,1,"(1532.0, 789.0)","(900.0, 776.0)","(1167.0, 816.0)",0,0,"(1461.0, 822.0)"
05082019-Bear5,4,53,323.5052125,34.01562141,4,1,0,0,1,"(1076.0, 739.0)",1,"(1158.0, 885.0)",0,0,1,"(1334.0, 881.0)",1,"(1290.0, 739.0)",0,0,1,"(1500.0, 795.0)","(896.0, 772.0)","(1167.0, 816.0)",0,0,"(1461.0, 822.0)"
05082019-Bear5,4,54,323.5052125,34.01562141,5,1,1,"(952.0, 863.0)",1,"(1054.0, 749.0)",1,"(1158.0, 885.0)",0,0,1,"(1334.0, 881.0)",1,"(1290.0, 739.0)",0,0,1,"(1500.0, 795.0)","(880.0, 782.0)","(1167.0, 816.0)",0,0,"(1461.0, 822.0)"
05082019-Bear5,4,55,323.5052125,34.01562141,5,1,1,"(952.0, 863.0)",1,"(1054.0, 749.0)",1,"(1158.0, 885.0)",0,0,1,"(1334.0, 881.0)",1,"(1276.0, 757.0)",0,0,1,"(1500.0, 795.0)","(872.0, 794.0)","(1167.0, 816.0)",0,0,"(1401.0, 834.0)"
05082019-Bear5,4,56,323.5052125,34.01562141,5,1,1,"(952.0, 863.0)",1,"(1028.0, 761.0)",1,"(1158.0, 885.0)",0,0,1,"(1298.0, 891.0)",1,"(1276.0, 757.0)",1,"(1452.0, 875.0)",0,0,"(852.0, 798.0)","(1167.0, 816.0)",0,0,"(1401.0, 834.0)"
05082019-Bear5,4,57,323.5052125,34.01562141,5,1,1,"(952.0, 863.0)",1,"(1028.0, 761.0)",1,"(1112.0, 889.0)",0,0,1,"(1298.0, 891.0)",1,"(1276.0, 757.0)",1,"(1452.0, 875.0)",0,0,"(836.0, 796.0)","(1167.0, 816.0)",41.25,2062.5,"(1401.0, 834.0)"
05082019-Bear5,4,58,323.5052125,34.01562141,5,1,1,"(952.0, 863.0)",0,0,1,"(1112.0, 889.0)",1,"(1052.0, 745.0)",1,"(1298.0, 891.0)",1,"(1276.0, 757.0)",1,"(1424.0, 875.0)",0,0,"(826.0, 798.0)","(1095.0, 837.0)",0,0,"(1401.0, 834.0)"
05082019-Bear5,4,59,323.5052125,34.01562141,5,1,1,"(952.0, 863.0)",0,0,1,"(1112.0, 889.0)",1,"(1052.0, 745.0)",1,"(1254.0, 891.0)",1,"(1260.0, 755.0)",1,"(1424.0, 875.0)",0,0,"(814.0, 814.0)","(1095.0, 837.0)",0,0,"(1401.0, 834.0)"
05082019-Bear5,4,60,323.5052125,34.01562141,4,1,1,"(952.0, 863.0)",0,0,1,"(1112.0, 889.0)",1,"(1052.0, 745.0)",0,0,1,"(1260.0, 755.0)",1,"(1424.0, 875.0)",0,0,"(812.0, 816.0)","(1095.0, 837.0)",0,0,"(1344.0, 834.0)"
05082019-Bear5,4,61,323.5052125,34.01562141,4,1,1,"(952.0, 871.0)",0,0,1,"(1112.0, 889.0)",1,"(1052.0, 745.0)",0,0,1,"(1260.0, 755.0)",1,"(1424.0, 875.0)",0,0,"(798.0, 820.0)","(1095.0, 837.0)",18.44756081,922.3780407,"(1344.0, 834.0)"
05082019-Bear5,4,62,323.5052125,34.01562141,4,1,1,"(954.0, 871.0)",0,0,1,"(1096.0, 871.0)",1,"(1052.0, 745.0)",0,0,1,"(1242.0, 755.0)",1,"(1424.0, 875.0)",0,0,"(796.0, 826.0)","(1065.0, 822.0)",0,0,"(1344.0, 834.0)"
05082019-Bear5,4,63,323.5052125,34.01562141,4,1,1,"(954.0, 871.0)",0,0,1,"(1096.0, 871.0)",1,"(1052.0, 745.0)",0,0,1,"(1242.0, 755.0)",1,"(1424.0, 875.0)",0,0,"(792.0, 826.0)","(1065.0, 822.0)",0,0,"(1344.0, 834.0)"
05082019-Bear5,4,64,323.5052125,34.01562141,4,1,1,"(954.0, 871.0)",0,0,1,"(1096.0, 871.0)",1,"(1068.0, 745.0)",0,0,1,"(1242.0, 755.0)",1,"(1402.0, 873.0)",0,0,"(788.0, 828.0)","(1065.0, 822.0)",0,0,"(1344.0, 834.0)"
05082019-Bear5,4,65,323.5052125,34.01562141,5,1,1,"(954.0, 871.0)",1,"(884.0, 761.0)",1,"(1096.0, 871.0)",1,"(1068.0, 745.0)",0,0,1,"(1242.0, 755.0)",1,"(1402.0, 873.0)",0,0,"(788.0, 828.0)","(1065.0, 822.0)",3.689512163,184.4756081,"(1344.0, 834.0)"
05082019-Bear5,4,66,323.5052125,34.01562141,5,1,1,"(954.0, 871.0)",1,"(884.0, 761.0)",1,"(1096.0, 871.0)",1,"(1068.0, 745.0)",0,0,1,"(1242.0, 755.0)",1,"(1402.0, 873.0)",0,0,"(782.0, 832.0)","(1059.0, 819.0)",0,0,"(1344.0, 834.0)"
05082019-Bear5,4,67,323.5052125,34.01562141,5,1,1,"(954.0, 871.0)",1,"(884.0, 761.0)",1,"(1096.0, 871.0)",1,"(1068.0, 745.0)",0,0,1,"(1230.0, 763.0)",1,"(1402.0, 873.0)",0,0,"(782.0, 832.0)","(1059.0, 819.0)",0,0,"(1344.0, 834.0)"
05082019-Bear5,4,68,323.5052125,34.01562141,5,1,1,"(954.0, 871.0)",1,"(884.0, 761.0)",1,"(1096.0, 871.0)",1,"(1068.0, 745.0)",0,0,1,"(1230.0, 763.0)",1,"(1402.0, 873.0)",0,0,"(778.0, 844.0)","(1059.0, 819.0)",0,0,"(1344.0, 834.0)"
05082019-Bear5,4,69,323.5052125,34.01562141,5,1,1,"(954.0, 871.0)",1,"(894.0, 749.0)",1,"(1086.0, 871.0)",1,"(1068.0, 745.0)",1,"(1138.0, 889.0)",0,0,1,"(1402.0, 873.0)",0,0,"(774.0, 844.0)","(1059.0, 819.0)",0,0,"(1344.0, 834.0)"
05082019-Bear5,4,70,323.5052125,34.01562141,5,0,1,"(942.0, 873.0)",1,"(894.0, 749.0)",1,"(1086.0, 871.0)",1,"(1054.0, 749.0)",1,"(1138.0, 889.0)",0,0,0,0,0,0,"(764.0, 862.0)","(1059.0, 819.0)",0,0,"(1344.0, 834.0)"
05082019-Bear5,4,71,323.5052125,34.01562141,5,0,1,"(942.0, 873.0)",1,"(894.0, 749.0)",1,"(1040.0, 889.0)",1,"(1054.0, 749.0)",1,"(1138.0, 889.0)",0,0,0,0,0,0,"(758.0, 866.0)","(1059.0, 819.0)",29.7,1485,"(1344.0, 834.0)"
05082019-Bear5,4,72,323.5052125,34.01562141,4,1,1,"(942.0, 873.0)",1,"(880.0, 757.0)",0,0,1,"(1054.0, 749.0)",1,"(1138.0, 889.0)",0,0,0,0,1,"(1362.0, 769.0)","(742.0, 866.0)","(1005.0, 819.0)",0,0,"(1344.0, 834.0)"
05082019-Bear5,4,73,323.5052125,34.01562141,4,1,1,"(924.0, 873.0)",1,"(880.0, 757.0)",0,0,1,"(1054.0, 749.0)",1,"(1138.0, 889.0)",0,0,0,0,1,"(1362.0, 769.0)","(728.0, 850.0)","(1005.0, 819.0)",0,0,"(1293.0, 816.0)"
05082019-Bear5,4,74,323.5052125,34.01562141,4,1,1,"(924.0, 873.0)",1,"(880.0, 757.0)",0,0,1,"(1038.0, 749.0)",1,"(1150.0, 889.0)",0,0,0,0,1,"(1362.0, 769.0)","(728.0, 850.0)","(1005.0, 819.0)",0,0,"(1293.0, 816.0)"
05082019-Bear5,4,75,323.5052125,34.01562141,4,1,1,"(924.0, 873.0)",1,"(876.0, 765.0)",0,0,1,"(1038.0, 749.0)",1,"(1150.0, 889.0)",0,0,0,0,1,"(1362.0, 769.0)","(728.0, 850.0)","(1005.0, 819.0)",0,0,"(1293.0, 816.0)"
05082019-Bear5,4,76,323.5052125,34.01562141,3,1,0,0,1,"(876.0, 765.0)",0,0,1,"(1038.0, 749.0)",1,"(1150.0, 889.0)",0,0,0,0,1,"(1362.0, 769.0)","(706.0, 830.0)","(1005.0, 819.0)",0,0,"(1293.0, 816.0)"
05082019-Bear5,4,77,323.5052125,34.01562141,3,1,0,0,1,"(876.0, 765.0)",0,0,1,"(1016.0, 749.0)",1,"(1130.0, 879.0)",0,0,0,0,1,"(1362.0, 769.0)","(702.0, 816.0)","(1005.0, 819.0)",13.30272528,665.1362642,"(1293.0, 816.0)"
05082019-Bear5,4,78,323.5052125,34.01562141,3,1,0,0,1,"(866.0, 753.0)",0,0,1,"(1016.0, 749.0)",1,"(1130.0, 879.0)",0,0,0,0,1,"(1336.0, 767.0)","(702.0, 806.0)","(981.0, 816.0)",0,0,"(1272.0, 810.0)"
05082019-Bear5,4,79,323.5052125,34.01562141,4,1,0,0,1,"(866.0, 753.0)",1,"(896.0, 877.0)",0,0,1,"(1130.0, 879.0)",1,"(1048.0, 747.0)",0,0,1,"(1336.0, 767.0)","(676.0, 794.0)","(981.0, 816.0)",0,0,"(1272.0, 810.0)"
05082019-Bear5,4,80,323.5052125,34.01562141,4,1,0,0,1,"(866.0, 753.0)",1,"(896.0, 877.0)",0,0,1,"(1130.0, 879.0)",1,"(1048.0, 747.0)",0,0,1,"(1336.0, 767.0)","(638.0, 758.0)","(981.0, 816.0)",0,0,"(1272.0, 810.0)"
05082019-Bear5,4,81,323.5052125,34.01562141,4,0,0,0,1,"(824.0, 731.0)",1,"(896.0, 877.0)",0,0,1,"(1056.0, 897.0)",1,"(1048.0, 747.0)",0,0,0,0,"(638.0, 758.0)","(981.0, 816.0)",61.07229323,3053.614661,"(1185.0, 828.0)"
05082019-Bear5,4,82,323.5052125,34.01562141,4,0,0,0,1,"(824.0, 731.0)",1,"(896.0, 877.0)",0,0,1,"(1056.0, 897.0)",1,"(1048.0, 747.0)",0,0,0,0,"(628.0, 738.0)","(870.0, 819.0)",0,0,"(1185.0, 828.0)"
05082019-Bear5,4,83,323.5052125,34.01562141,4,0,0,0,1,"(800.0, 727.0)",1,"(896.0, 877.0)",0,0,1,"(1028.0, 883.0)",1,"(1032.0, 743.0)",0,0,0,0,"(618.0, 732.0)","(870.0, 819.0)",0,0,"(1185.0, 828.0)"
05082019-Bear5,4,84,323.5052125,34.01562141,4,0,0,0,1,"(800.0, 727.0)",1,"(880.0, 877.0)",0,0,1,"(1028.0, 883.0)",1,"(1032.0, 743.0)",0,0,0,0,"(610.0, 732.0)","(870.0, 819.0)",0,0,"(1173.0, 840.0)"
05082019-Bear5,4,85,323.5052125,34.01562141,4,1,0,0,1,"(800.0, 727.0)",1,"(880.0, 877.0)",0,0,1,"(1028.0, 883.0)",1,"(1032.0, 743.0)",1,"(1192.0, 879.0)",0,0,"(606.0, 732.0)","(870.0, 819.0)",0,0,"(1173.0, 840.0)"
05082019-Bear5,4,86,323.5052125,34.01562141,5,1,1,"(684.0, 849.0)",1,"(774.0, 749.0)",1,"(880.0, 877.0)",0,0,1,"(1028.0, 883.0)",1,"(1032.0, 743.0)",1,"(1192.0, 879.0)",0,0,"(594.0, 770.0)","(870.0, 819.0)",0,0,"(1173.0, 840.0)"
05082019-Bear5,4,87,323.5052125,34.01562141,6,1,1,"(684.0, 849.0)",1,"(774.0, 749.0)",1,"(880.0, 877.0)",1,"(812.0, 735.0)",1,"(1026.0, 887.0)",1,"(1024.0, 755.0)",1,"(1192.0, 879.0)",0,0,"(588.0, 782.0)","(870.0, 819.0)",0,0,"(1173.0, 840.0)"
05082019-Bear5,4,88,323.5052125,34.01562141,5,1,1,"(690.0, 869.0)",0,0,1,"(880.0, 877.0)",1,"(824.0, 739.0)",1,"(1026.0, 887.0)",1,"(1024.0, 755.0)",1,"(1192.0, 879.0)",0,0,"(588.0, 782.0)","(870.0, 819.0)",0,0,"(1173.0, 840.0)"
05082019-Bear5,4,89,323.5052125,34.01562141,5,1,1,"(690.0, 869.0)",0,0,1,"(880.0, 877.0)",1,"(824.0, 739.0)",1,"(1026.0, 887.0)",1,"(1024.0, 755.0)",1,"(1174.0, 875.0)",0,0,"(570.0, 784.0)","(870.0, 819.0)",12.01218132,600.6090659,"(1134.0, 840.0)"
05082019-Bear5,4,90,323.5052125,34.01562141,5,1,1,"(690.0, 869.0)",0,0,1,"(852.0, 869.0)",1,"(824.0, 739.0)",1,"(1012.0, 891.0)",1,"(1002.0, 755.0)",1,"(1174.0, 875.0)",0,0,"(560.0, 788.0)","(849.0, 813.0)",0,0,"(1134.0, 840.0)"
05082019-Bear5,4,91,323.5052125,34.01562141,5,1,1,"(690.0, 869.0)",0,0,1,"(852.0, 869.0)",1,"(824.0, 739.0)",1,"(1012.0, 891.0)",1,"(1002.0, 755.0)",1,"(1174.0, 875.0)",0,0,"(554.0, 792.0)","(849.0, 813.0)",0,0,"(1134.0, 840.0)"
05082019-Bear5,4,92,323.5052125,34.01562141,5,1,1,"(690.0, 869.0)",0,0,1,"(852.0, 869.0)",1,"(824.0, 739.0)",1,"(998.0, 891.0)",1,"(1002.0, 755.0)",1,"(1150.0, 877.0)",0,0,"(544.0, 796.0)","(849.0, 813.0)",0,0,"(1134.0, 840.0)"
05082019-Bear5,4,93,323.5052125,34.01562141,5,1,1,"(690.0, 869.0)",0,0,1,"(852.0, 869.0)",1,"(824.0, 739.0)",1,"(998.0, 891.0)",1,"(990.0, 757.0)",1,"(1150.0, 877.0)",0,0,"(544.0, 796.0)","(849.0, 813.0)",20.67444074,1033.722037,"(1104.0, 840.0)"
05082019-Bear5,4,94,323.5052125,34.01562141,5,1,1,"(690.0, 869.0)",0,0,1,"(828.0, 867.0)",1,"(824.0, 739.0)",1,"(998.0, 891.0)",1,"(990.0, 757.0)",1,"(1150.0, 877.0)",0,0,"(544.0, 796.0)","(816.0, 795.0)",0,0,"(1104.0, 840.0)"
05082019-Bear5,4,95,323.5052125,34.01562141,5,1,1,"(690.0, 869.0)",1,"(648.0, 735.0)",1,"(828.0, 867.0)",1,"(830.0, 735.0)",0,0,1,"(990.0, 757.0)",1,"(1150.0, 877.0)",0,0,"(534.0, 794.0)","(816.0, 795.0)",0,0,"(1104.0, 840.0)"
05082019-Bear5,4,96,323.5052125,34.01562141,5,1,1,"(690.0, 869.0)",1,"(648.0, 735.0)",1,"(828.0, 867.0)",1,"(830.0, 735.0)",0,0,1,"(990.0, 757.0)",1,"(1150.0, 877.0)",0,0,"(534.0, 794.0)","(816.0, 795.0)",0,0,"(1104.0, 840.0)"
05082019-Bear5,4,97,323.5052125,34.01562141,4,1,1,"(690.0, 869.0)",1,"(648.0, 735.0)",1,"(828.0, 867.0)",1,"(830.0, 735.0)",0,0,0,0,1,"(1128.0, 873.0)",0,0,"(534.0, 794.0)","(816.0, 795.0)",0,0,"(1104.0, 840.0)"
05082019-Bear5,4,98,323.5052125,34.01562141,4,1,1,"(690.0, 869.0)",1,"(648.0, 735.0)",1,"(828.0, 867.0)",1,"(830.0, 735.0)",0,0,0,0,1,"(1128.0, 873.0)",0,0,"(524.0, 790.0)","(816.0, 795.0)",0,0,"(1080.0, 825.0)"
05082019-Bear5,4,99,323.5052125,34.01562141,4,1,1,"(678.0, 865.0)",1,"(648.0, 735.0)",1,"(828.0, 867.0)",1,"(830.0, 735.0)",0,0,0,0,1,"(1128.0, 873.0)",0,0,"(518.0, 790.0)","(816.0, 795.0)",0,0,"(1080.0, 825.0)"
05082019-Bear5,4,100,323.5052125,34.01562141,4,1,1,"(678.0, 865.0)",1,"(648.0, 735.0)",1,"(828.0, 867.0)",1,"(812.0, 733.0)",0,0,0,0,1,"(1128.0, 873.0)",0,0,"(516.0, 804.0)","(816.0, 795.0)",0,0,"(1080.0, 825.0)"
05082019-Bear5,4,101,323.5052125,34.01562141,5,1,1,"(678.0, 865.0)",1,"(648.0, 735.0)",1,"(828.0, 867.0)",1,"(812.0, 733.0)",1,"(888.0, 889.0)",0,0,1,"(1128.0, 873.0)",0,0,"(514.0, 790.0)","(816.0, 795.0)",23.1,1155,"(1080.0, 825.0)"
05082019-Bear5,4,102,323.5052125,34.01562141,4,1,1,"(676.0, 865.0)",1,"(648.0, 735.0)",0,0,1,"(812.0, 733.0)",1,"(888.0, 889.0)",0,0,1,"(1128.0, 873.0)",0,0,"(496.0, 792.0)","(774.0, 795.0)",0,0,"(1080.0, 825.0)"
05082019-Bear5,4,103,323.5052125,34.01562141,4,1,1,"(676.0, 865.0)",1,"(648.0, 723.0)",0,0,1,"(812.0, 733.0)",1,"(888.0, 889.0)",0,0,1,"(1128.0, 873.0)",0,0,"(496.0, 792.0)","(774.0, 795.0)",0,0,"(1074.0, 825.0)"
05082019-Bear5,4,104,323.5052125,34.01562141,4,1,1,"(676.0, 865.0)",1,"(648.0, 723.0)",0,0,1,"(812.0, 733.0)",1,"(888.0, 889.0)",0,0,1,"(1128.0, 873.0)",0,0,"(496.0, 792.0)","(774.0, 795.0)",0,0,"(1074.0, 825.0)"
05082019-Bear5,4,105,323.5052125,34.01562141,4,1,1,"(676.0, 865.0)",1,"(648.0, 723.0)",0,0,1,"(788.0, 733.0)",1,"(888.0, 889.0)",0,0,1,"(1102.0, 865.0)",0,0,"(482.0, 778.0)","(774.0, 795.0)",0,0,"(1074.0, 825.0)"
05082019-Bear5,4,106,323.5052125,34.01562141,4,1,1,"(662.0, 861.0)",1,"(648.0, 723.0)",0,0,1,"(788.0, 733.0)",1,"(888.0, 889.0)",0,0,1,"(1102.0, 865.0)",0,0,"(482.0, 778.0)","(774.0, 795.0)",0,0,"(1074.0, 825.0)"
05082019-Bear5,4,107,323.5052125,34.01562141,4,1,1,"(662.0, 861.0)",1,"(642.0, 723.0)",0,0,1,"(788.0, 733.0)",1,"(888.0, 889.0)",0,0,1,"(1102.0, 865.0)",0,0,"(482.0, 764.0)","(774.0, 795.0)",0,0,"(1041.0, 825.0)"
05082019-Bear5,4,108,323.5052125,34.01562141,4,1,1,"(662.0, 861.0)",1,"(642.0, 723.0)",0,0,1,"(788.0, 733.0)",1,"(888.0, 889.0)",0,0,1,"(1102.0, 865.0)",0,0,"(482.0, 764.0)","(774.0, 795.0)",6.803124282,340.1562141,"(1041.0, 825.0)"
05082019-Bear5,4,109,323.5052125,34.01562141,5,0,1,"(662.0, 861.0)",1,"(642.0, 723.0)",0,0,1,"(788.0, 733.0)",1,"(888.0, 889.0)",1,"(842.0, 729.0)",0,0,0,0,"(478.0, 764.0)","(762.0, 798.0)",0,0,"(1041.0, 825.0)"
05082019-Bear5,4,110,323.5052125,34.01562141,5,0,1,"(662.0, 861.0)",1,"(642.0, 723.0)",0,0,1,"(782.0, 731.0)",1,"(888.0, 889.0)",1,"(842.0, 729.0)",0,0,0,0,"(478.0, 764.0)","(762.0, 798.0)",0,0,"(1041.0, 825.0)"
05082019-Bear5,4,111,323.5052125,34.01562141,4,0,0,0,1,"(642.0, 723.0)",0,0,1,"(782.0, 731.0)",1,"(888.0, 889.0)",1,"(842.0, 729.0)",0,0,0,0,"(472.0, 760.0)","(762.0, 798.0)",21.13030998,1056.515499,"(1041.0, 825.0)"
05082019-Bear5,4,112,323.5052125,34.01562141,5,0,0,0,1,"(636.0, 723.0)",1,"(686.0, 863.0)",1,"(782.0, 731.0)",1,"(888.0, 889.0)",1,"(842.0, 729.0)",0,0,0,0,"(470.0, 750.0)","(732.0, 822.0)",18.44756081,922.3780407,"(1041.0, 825.0)"
05082019-Bear5,4,113,323.5052125,34.01562141,5,0,0,0,1,"(636.0, 723.0)",1,"(686.0, 863.0)",1,"(764.0, 737.0)",1,"(870.0, 887.0)",1,"(842.0, 729.0)",0,0,0,0,"(470.0, 750.0)","(726.0, 789.0)",0,0,"(1020.0, 813.0)"
05082019-Bear5,4,114,323.5052125,34.01562141,4,0,0,0,1,"(636.0, 723.0)",1,"(686.0, 863.0)",0,0,1,"(870.0, 887.0)",1,"(842.0, 729.0)",0,0,0,0,"(470.0, 732.0)","(726.0, 789.0)",0,0,"(1020.0, 813.0)"
05082019-Bear5,4,115,323.5052125,34.01562141,4,0,0,0,1,"(628.0, 717.0)",1,"(686.0, 863.0)",0,0,1,"(870.0, 887.0)",1,"(842.0, 729.0)",0,0,0,0,"(462.0, 728.0)","(726.0, 789.0)",0,0,"(1020.0, 813.0)"
05082019-Bear5,4,116,323.5052125,34.01562141,4,0,0,0,1,"(628.0, 717.0)",1,"(686.0, 863.0)",0,0,1,"(866.0, 881.0)",1,"(842.0, 729.0)",0,0,0,0,"(464.0, 714.0)","(726.0, 789.0)",0,0,"(1020.0, 813.0)"
05082019-Bear5,4,117,323.5052125,34.01562141,4,0,0,0,1,"(628.0, 717.0)",1,"(686.0, 863.0)",0,0,1,"(866.0, 881.0)",1,"(842.0, 729.0)",0,0,0,0,"(464.0, 714.0)","(726.0, 789.0)",0,0,"(1020.0, 813.0)"
05082019-Bear5,4,118,323.5052125,34.01562141,4,1,0,0,1,"(622.0, 713.0)",1,"(686.0, 863.0)",0,0,1,"(866.0, 881.0)",1,"(842.0, 729.0)",0,0,1,"(1052.0, 777.0)","(464.0, 714.0)","(726.0, 789.0)",0,0,"(1020.0, 813.0)"
05082019-Bear5,4,119,323.5052125,34.01562141,4,1,0,0,1,"(622.0, 713.0)",1,"(686.0, 863.0)",0,0,1,"(846.0, 877.0)",1,"(842.0, 729.0)",0,0,1,"(1052.0, 777.0)","(464.0, 714.0)","(726.0, 789.0)",0,0,"(1008.0, 813.0)"
05082019-Bear5,4,120,323.5052125,34.01562141,4,1,0,0,1,"(622.0, 713.0)",1,"(686.0, 863.0)",0,0,1,"(846.0, 877.0)",1,"(842.0, 729.0)",0,0,1,"(1052.0, 777.0)","(464.0, 714.0)","(726.0, 789.0)",13.30272528,665.1362642,"(1008.0, 813.0)"
05082019-Bear5,4,121,323.5052125,34.01562141,4,1,0,0,1,"(622.0, 713.0)",1,"(686.0, 863.0)",0,0,1,"(846.0, 877.0)",1,"(842.0, 729.0)",0,0,1,"(1052.0, 777.0)","(464.0, 714.0)","(702.0, 792.0)",0,0,"(1008.0, 813.0)"
05082019-Bear5,4,122,323.5052125,34.01562141,5,1,1,"(526.0, 809.0)",1,"(622.0, 713.0)",1,"(686.0, 863.0)",0,0,1,"(846.0, 877.0)",1,"(836.0, 729.0)",0,0,1,"(1052.0, 777.0)","(464.0, 714.0)","(702.0, 792.0)",0,0,"(1008.0, 813.0)"
05082019-Bear5,4,123,323.5052125,34.01562141,5,1,1,"(526.0, 809.0)",1,"(622.0, 713.0)",1,"(686.0, 863.0)",0,0,1,"(846.0, 877.0)",1,"(836.0, 729.0)",0,0,1,"(1052.0, 777.0)","(460.0, 706.0)","(702.0, 792.0)",0,0,"(1008.0, 813.0)"
05082019-Bear5,4,124,323.5052125,34.01562141,5,1,1,"(526.0, 809.0)",1,"(622.0, 713.0)",1,"(686.0, 863.0)",0,0,1,"(846.0, 877.0)",1,"(836.0, 729.0)",0,0,1,"(1030.0, 797.0)","(460.0, 702.0)","(702.0, 792.0)",0,0,"(969.0, 813.0)"
05082019-Bear5,4,125,323.5052125,34.01562141,6,1,1,"(526.0, 809.0)",1,"(608.0, 707.0)",1,"(686.0, 863.0)",1,"(660.0, 711.0)",1,"(846.0, 877.0)",1,"(836.0, 729.0)",0,0,1,"(1030.0, 797.0)","(460.0, 690.0)","(702.0, 792.0)",0,0,"(969.0, 813.0)"
05082019-Bear5,4,126,323.5052125,34.01562141,6,1,1,"(526.0, 809.0)",1,"(608.0, 707.0)",1,"(686.0, 863.0)",1,"(660.0, 711.0)",1,"(846.0, 877.0)",1,"(824.0, 735.0)",0,0,1,"(1030.0, 797.0)","(460.0, 690.0)","(702.0, 792.0)",0,0,"(969.0, 813.0)"
05082019-Bear5,4,127,323.5052125,34.01562141,6,1,1,"(526.0, 809.0)",1,"(608.0, 707.0)",1,"(686.0, 863.0)",1,"(660.0, 711.0)",1,"(830.0, 877.0)",1,"(824.0, 735.0)",0,0,1,"(1030.0, 797.0)","(444.0, 684.0)","(702.0, 792.0)",14.85,742.5,"(969.0, 813.0)"
05082019-Bear5,4,128,323.5052125,34.01562141,5,0,1,"(526.0, 809.0)",0,0,1,"(668.0, 863.0)",1,"(660.0, 711.0)",1,"(830.0, 877.0)",1,"(812.0, 735.0)",0,0,0,0,"(444.0, 684.0)","(675.0, 792.0)",0,0,"(969.0, 813.0)"
05082019-Bear5,4,129,323.5052125,34.01562141,5,0,1,"(526.0, 809.0)",0,0,1,"(668.0, 863.0)",1,"(652.0, 705.0)",1,"(820.0, 877.0)",1,"(812.0, 735.0)",0,0,0,0,"(426.0, 680.0)","(675.0, 792.0)",0,0,"(939.0, 810.0)"
05082019-Bear5,4,130,323.5052125,34.01562141,4,0,1,"(526.0, 809.0)",0,0,1,"(656.0, 857.0)",1,"(652.0, 705.0)",0,0,1,"(812.0, 735.0)",0,0,0,0,"(408.0, 680.0)","(675.0, 792.0)",17.22650574,861.325287,"(939.0, 810.0)"
05082019-Bear5,4,131,323.5052125,34.01562141,4,0,1,"(526.0, 809.0)",0,0,1,"(656.0, 857.0)",1,"(652.0, 705.0)",0,0,1,"(800.0, 723.0)",0,0,0,0,"(408.0, 680.0)","(645.0, 783.0)",0,0,"(939.0, 810.0)"
05082019-Bear5,4,132,323.5052125,34.01562141,4,0,1,"(512.0, 809.0)",0,0,1,"(656.0, 857.0)",1,"(652.0, 705.0)",0,0,1,"(800.0, 723.0)",0,0,0,0,"(390.0, 698.0)","(645.0, 783.0)",0,0,"(939.0, 810.0)"
05082019-Bear5,4,133,323.5052125,34.01562141,4,1,1,"(512.0, 809.0)",0,0,1,"(656.0, 857.0)",1,"(652.0, 705.0)",0,0,1,"(800.0, 723.0)",1,"(954.0, 841.0)",0,0,"(372.0, 708.0)","(645.0, 783.0)",0,0,"(894.0, 798.0)"
05082019-Bear5,4,134,323.5052125,34.01562141,4,1,1,"(512.0, 809.0)",0,0,1,"(606.0, 843.0)",1,"(652.0, 705.0)",0,0,1,"(774.0, 733.0)",1,"(954.0, 841.0)",0,0,"(364.0, 712.0)","(645.0, 783.0)",15.21224835,760.6124177,"(894.0, 798.0)"
05082019-Bear5,4,135,323.5052125,34.01562141,4,1,1,"(512.0, 809.0)",0,0,1,"(606.0, 843.0)",1,"(636.0, 705.0)",0,0,1,"(774.0, 733.0)",1,"(954.0, 841.0)",0,0,"(356.0, 740.0)","(618.0, 777.0)",0,0,"(894.0, 798.0)"
05082019-Bear5,4,136,323.5052125,34.01562141,4,1,1,"(496.0, 811.0)",0,0,1,"(606.0, 843.0)",1,"(636.0, 705.0)",0,0,1,"(774.0, 733.0)",1,"(954.0, 841.0)",0,0,"(350.0, 756.0)","(618.0, 777.0)",0,0,"(894.0, 798.0)"
05082019-Bear5,4,137,323.5052125,34.01562141,4,1,1,"(496.0, 811.0)",0,0,1,"(606.0, 843.0)",1,"(636.0, 705.0)",0,0,1,"(774.0, 733.0)",1,"(954.0, 841.0)",0,0,"(350.0, 764.0)","(618.0, 777.0)",0,0,"(894.0, 798.0)"
05082019-Bear5,4,138,323.5052125,34.01562141,5,1,1,"(496.0, 811.0)",0,0,1,"(606.0, 843.0)",1,"(636.0, 705.0)",1,"(674.0, 861.0)",1,"(774.0, 733.0)",1,"(954.0, 841.0)",0,0,"(350.0, 776.0)","(618.0, 777.0)",0,0,"(894.0, 798.0)"
05082019-Bear5,4,139,323.5052125,34.01562141,5,1,1,"(496.0, 811.0)",0,0,1,"(606.0, 843.0)",1,"(636.0, 705.0)",1,"(674.0, 861.0)",1,"(774.0, 733.0)",1,"(938.0, 839.0)",0,0,"(350.0, 776.0)","(618.0, 777.0)",0,0,"(894.0, 798.0)"
05082019-Bear5,4,140,323.5052125,34.01562141,5,1,1,"(496.0, 811.0)",0,0,1,"(606.0, 843.0)",1,"(636.0, 705.0)",1,"(674.0, 861.0)",1,"(774.0, 733.0)",1,"(938.0, 839.0)",0,0,"(350.0, 772.0)","(618.0, 777.0)",0,0,"(894.0, 798.0)"
05082019-Bear5,4,141,323.5052125,34.01562141,5,1,1,"(496.0, 811.0)",0,0,1,"(606.0, 843.0)",1,"(632.0, 703.0)",1,"(674.0, 861.0)",1,"(774.0, 733.0)",1,"(938.0, 839.0)",0,0,"(350.0, 772.0)","(882.0, 804.0)",,,
05082019-Bear5,4,142,323.5052125,34.01562141,5,1,1,"(496.0, 811.0)",0,0,1,"(606.0, 843.0)",1,"(632.0, 703.0)",1,"(674.0, 861.0)",1,"(774.0, 733.0)",1,"(938.0, 839.0)",0,0,"(350.0, 772.0)","(882.0, 804.0)",,,
05082019-Bear5,4,143,323.5052125,34.01562141,5,1,1,"(496.0, 811.0)",0,0,1,"(606.0, 843.0)",1,"(632.0, 703.0)",1,"(676.0, 863.0)",1,"(774.0, 733.0)",1,"(938.0, 839.0)",0,0,"(340.0, 776.0)","(882.0, 804.0)",,,
05082019-Bear5,4,144,323.5052125,34.01562141,6,2,1,"(482.0, 825.0)",1,"(448.0, 695.0)",1,"(596.0, 843.0)",1,"(632.0, 703.0)",1,"(676.0, 863.0)",1,"(748.0, 729.0)",1,"(938.0, 839.0)",1,"(904.0, 757.0)",,,,,
05082019-Bear5,4,145,323.5052125,34.01562141,0,0,0,0,0,0,0,0,0,0,0,0,0,0,0,0,0,0,,,,,
05082019-Bear5,5,1,336.8627651,29.88277096,3,1,0,0,1,"(1041.0, 1098.0)",0,0,1,"(1197.0, 1074.0)",1,"(1350.0, 1209.0)",0,0,1,"(1512.0, 1053.0)",0,0,"(921.0, 1215.0)","(1212.0, 1146.0)",15.21224835,760.6124177,"(1497.0, 1098.0)"
05082019-Bear5,5,2,336.8627651,29.88277096,4,1,0,0,1,"(1041.0, 1098.0)",1,"(1161.0, 1215.0)",1,"(1197.0, 1074.0)",1,"(1350.0, 1209.0)",0,0,1,"(1512.0, 1053.0)",0,0,"(921.0, 1215.0)","(1185.0, 1152.0)",0,0,"(1497.0, 1098.0)"
05082019-Bear5,5,3,336.8627651,29.88277096,4,1,0,0,1,"(1041.0, 1098.0)",1,"(1140.0, 1203.0)",1,"(1197.0, 1074.0)",1,"(1338.0, 1197.0)",0,0,1,"(1512.0, 1053.0)",0,0,"(921.0, 1215.0)","(1185.0, 1152.0)",11.66726189,583.3630945,"(1497.0, 1098.0)"
05082019-Bear5,5,4,336.8627651,29.88277096,4,1,0,0,1,"(1041.0, 1098.0)",1,"(1134.0, 1224.0)",1,"(1185.0, 1071.0)",1,"(1338.0, 1197.0)",0,0,1,"(1497.0, 1050.0)",0,0,"(894.0, 1194.0)","(1164.0, 1149.0)",0,0,"(1497.0, 1098.0)"
05082019-Bear5,5,5,336.8627651,29.88277096,4,1,0,0,1,"(1041.0, 1098.0)",1,"(1134.0, 1224.0)",1,"(1185.0, 1071.0)",1,"(1338.0, 1197.0)",0,0,1,"(1497.0, 1050.0)",0,0,"(894.0, 1194.0)","(1164.0, 1149.0)",0,0,"(1446.0, 1092.0)"
05082019-Bear5,5,6,336.8627651,29.88277096,4,1,0,0,1,"(1041.0, 1098.0)",1,"(1134.0, 1224.0)",1,"(1185.0, 1071.0)",1,"(1338.0, 1197.0)",0,0,1,"(1497.0, 1050.0)",0,0,"(894.0, 1194.0)","(1164.0, 1149.0)",0,0,"(1446.0, 1092.0)"
05082019-Bear5,5,7,336.8627651,29.88277096,4,1,0,0,1,"(1023.0, 1086.0)",1,"(1134.0, 1224.0)",1,"(1170.0, 1077.0)",1,"(1323.0, 1200.0)",0,0,1,"(1497.0, 1050.0)",0,0,"(867.0, 1161.0)","(1164.0, 1149.0)",1.65,82.5,"(1446.0, 1092.0)"
05082019-Bear5,5,8,336.8627651,29.88277096,4,1,0,0,1,"(1023.0, 1086.0)",1,"(1134.0, 1224.0)",1,"(1170.0, 1077.0)",1,"(1323.0, 1200.0)",0,0,1,"(1470.0, 1041.0)",0,0,"(867.0, 1161.0)","(1164.0, 1152.0)",11.06853649,553.4268244,"(1446.0, 1092.0)"
05082019-Bear5,5,9,336.8627651,29.88277096,5,1,0,0,1,"(1023.0, 1086.0)",1,"(1134.0, 1224.0)",1,"(1170.0, 1077.0)",1,"(1323.0, 1200.0)",1,"(1221.0, 1077.0)",1,"(1470.0, 1041.0)",0,0,"(867.0, 1161.0)","(1146.0, 1161.0)",0,0,"(1446.0, 1092.0)"
05082019-Bear5,5,10,336.8627651,29.88277096,3,1,0,0,1,"(1023.0, 1086.0)",1,"(1131.0, 1227.0)",0,0,0,0,1,"(1218.0, 1071.0)",1,"(1470.0, 1041.0)",0,0,"(852.0, 1170.0)","(1146.0, 1161.0)",0,0,"(1446.0, 1092.0)"
05082019-Bear5,5,11,336.8627651,29.88277096,3,1,0,0,1,"(1023.0, 1086.0)",1,"(1131.0, 1227.0)",0,0,0,0,1,"(1218.0, 1071.0)",1,"(1470.0, 1041.0)",0,0,"(852.0, 1170.0)","(1146.0, 1161.0)",0,0,"(1419.0, 1089.0)"
05082019-Bear5,5,12,336.8627651,29.88277096,4,1,1,"(951.0, 1254.0)",1,"(1023.0, 1086.0)",1,"(1131.0, 1227.0)",0,0,0,0,1,"(1218.0, 1071.0)",1,"(1470.0, 1041.0)",0,0,"(852.0, 1170.0)","(1146.0, 1161.0)",19.86863106,993.4315528,"(1419.0, 1089.0)"
05082019-Bear5,5,13,336.8627651,29.88277096,4,1,1,"(951.0, 1254.0)",1,"(996.0, 1098.0)",1,"(1131.0, 1227.0)",0,0,0,0,1,"(1218.0, 1071.0)",1,"(1470.0, 1041.0)",0,0,"(816.0, 1206.0)","(1110.0, 1158.0)",0,0,"(1419.0, 1089.0)"
05082019-Bear5,5,14,336.8627651,29.88277096,4,0,1,"(951.0, 1254.0)",1,"(996.0, 1098.0)",1,"(1110.0, 1227.0)",0,0,0,0,1,"(1218.0, 1071.0)",0,0,0,0,"(816.0, 1206.0)","(1110.0, 1158.0)",0,0,"(1419.0, 1089.0)"
05082019-Bear5,5,15,336.8627651,29.88277096,4,0,1,"(933.0, 1254.0)",1,"(963.0, 1104.0)",1,"(1110.0, 1227.0)",0,0,0,0,1,"(1203.0, 1071.0)",0,0,0,0,"(816.0, 1206.0)","(1110.0, 1158.0)",0,0,"(1380.0, 1113.0)"
05082019-Bear5,5,16,336.8627651,29.88277096,4,0,1,"(933.0, 1254.0)",1,"(963.0, 1104.0)",1,"(1110.0, 1227.0)",0,0,0,0,1,"(1203.0, 1071.0)",0,0,0,0,"(789.0, 1218.0)","(1110.0, 1158.0)",24.02436263,1201.218132,"(1380.0, 1113.0)"
05082019-Bear5,5,17,336.8627651,29.88277096,4,0,1,"(933.0, 1254.0)",1,"(963.0, 1104.0)",1,"(1101.0, 1233.0)",0,0,0,0,1,"(1203.0, 1071.0)",0,0,0,0,"(789.0, 1218.0)","(1068.0, 1170.0)",0,0,"(1380.0, 1113.0)"
05082019-Bear5,5,18,336.8627651,29.88277096,4,1,1,"(933.0, 1254.0)",1,"(963.0, 1128.0)",1,"(1101.0, 1233.0)",0,0,0,0,1,"(1185.0, 1080.0)",0,0,1,"(1407.0, 1152.0)","(789.0, 1218.0)","(1068.0, 1170.0)",0,0,"(1380.0, 1113.0)"
05082019-Bear5,5,19,336.8627651,29.88277096,4,1,1,"(933.0, 1254.0)",0,0,1,"(1101.0, 1233.0)",1,"(984.0, 1119.0)",0,0,1,"(1185.0, 1080.0)",0,0,1,"(1407.0, 1152.0)","(771.0, 1245.0)","(1068.0, 1170.0)",17.22650574,861.325287,"(1341.0, 1131.0)"
05082019-Bear5,5,20,336.8627651,29.88277096,4,1,1,"(933.0, 1254.0)",0,0,1,"(1074.0, 1242.0)",1,"(984.0, 1119.0)",0,0,1,"(1185.0, 1080.0)",0,0,1,"(1407.0, 1152.0)","(771.0, 1245.0)","(1038.0, 1179.0)",0,0,"(1341.0, 1131.0)"
05082019-Bear5,5,21,336.8627651,29.88277096,4,1,1,"(924.0, 1266.0)",0,0,1,"(1074.0, 1242.0)",1,"(984.0, 1119.0)",0,0,1,"(1167.0, 1089.0)",0,0,1,"(1386.0, 1152.0)","(771.0, 1245.0)","(1038.0, 1179.0)",0,0,"(1341.0, 1131.0)"
05082019-Bear5,5,22,336.8627651,29.88277096,4,1,1,"(924.0, 1266.0)",0,0,1,"(1074.0, 1242.0)",1,"(984.0, 1119.0)",0,0,1,"(1167.0, 1089.0)",0,0,1,"(1386.0, 1152.0)","(759.0, 1272.0)","(1038.0, 1179.0)",0,0,"(1341.0, 1131.0)"
05082019-Bear5,5,23,336.8627651,29.88277096,4,1,1,"(924.0, 1266.0)",0,0,1,"(1062.0, 1242.0)",1,"(993.0, 1110.0)",0,0,1,"(1167.0, 1089.0)",0,0,1,"(1371.0, 1155.0)","(759.0, 1272.0)","(1038.0, 1179.0)",13.2,660,"(1326.0, 1134.0)"
05082019-Bear5,5,24,336.8627651,29.88277096,4,1,1,"(924.0, 1266.0)",0,0,1,"(1062.0, 1242.0)",1,"(993.0, 1110.0)",0,0,1,"(1167.0, 1098.0)",0,0,1,"(1371.0, 1155.0)","(759.0, 1272.0)","(1014.0, 1179.0)",0,0,"(1326.0, 1134.0)"
05082019-Bear5,5,25,336.8627651,29.88277096,5,1,1,"(924.0, 1266.0)",0,0,1,"(1062.0, 1242.0)",1,"(993.0, 1110.0)",1,"(1119.0, 1242.0)",1,"(1167.0, 1098.0)",0,0,1,"(1371.0, 1155.0)","(732.0, 1275.0)","(1014.0, 1179.0)",0,0,"(1326.0, 1134.0)"
05082019-Bear5,5,26,336.8627651,29.88277096,5,1,1,"(924.0, 1266.0)",0,0,1,"(1053.0, 1257.0)",1,"(993.0, 1110.0)",1,"(1119.0, 1242.0)",1,"(1140.0, 1107.0)",0,0,1,"(1335.0, 1158.0)","(732.0, 1275.0)","(1014.0, 1179.0)",0,0,"(1326.0, 1134.0)"
05082019-Bear5,5,27,336.8627651,29.88277096,5,1,1,"(891.0, 1269.0)",1,"(801.0, 1167.0)",0,0,1,"(993.0, 1110.0)",1,"(1119.0, 1242.0)",1,"(1140.0, 1107.0)",0,0,1,"(1335.0, 1158.0)","(732.0, 1275.0)","(1014.0, 1179.0)",0,0,"(1284.0, 1134.0)"
05082019-Bear5,5,28,336.8627651,29.88277096,5,1,1,"(891.0, 1269.0)",1,"(801.0, 1167.0)",0,0,1,"(993.0, 1110.0)",1,"(1119.0, 1242.0)",1,"(1140.0, 1107.0)",0,0,1,"(1335.0, 1158.0)","(732.0, 1275.0)","(1014.0, 1179.0)",0,0,"(1284.0, 1134.0)"
05082019-Bear5,5,29,336.8627651,29.88277096,5,0,1,"(891.0, 1269.0)",1,"(801.0, 1167.0)",0,0,1,"(993.0, 1110.0)",1,"(1119.0, 1242.0)",1,"(1119.0, 1107.0)",0,0,0,0,"(717.0, 1290.0)","(1014.0, 1179.0)",27.21249713,1360.624856,"(1284.0, 1134.0)"
05082019-Bear5,5,30,336.8627651,29.88277096,5,0,1,"(891.0, 1269.0)",1,"(801.0, 1167.0)",0,0,1,"(966.0, 1116.0)",1,"(1119.0, 1242.0)",1,"(1119.0, 1107.0)",0,0,0,0,"(717.0, 1290.0)","(966.0, 1191.0)",0,0,"(1284.0, 1134.0)"
05082019-Bear5,5,31,336.8627651,29.88277096,5,0,1,"(891.0, 1269.0)",1,"(801.0, 1167.0)",0,0,1,"(966.0, 1116.0)",1,"(1119.0, 1242.0)",1,"(1107.0, 1107.0)",0,0,0,0,"(717.0, 1290.0)","(966.0, 1191.0)",0,0,"(1248.0, 1137.0)"
05082019-Bear5,5,32,336.8627651,29.88277096,4,0,1,"(891.0, 1269.0)",1,"(801.0, 1167.0)",0,0,1,"(966.0, 1116.0)",1,"(1101.0, 1251.0)",0,0,0,0,0,0,"(669.0, 1269.0)","(966.0, 1191.0)",0,0,"(1248.0, 1137.0)"
05082019-Bear5,5,33,336.8627651,29.88277096,4,0,1,"(876.0, 1275.0)",1,"(801.0, 1167.0)",0,0,1,"(957.0, 1119.0)",1,"(1101.0, 1251.0)",0,0,0,0,0,0,"(669.0, 1269.0)","(966.0, 1191.0)",0,0,"(1248.0, 1137.0)"
05082019-Bear5,5,34,336.8627651,29.88277096,5,0,1,"(876.0, 1275.0)",1,"(795.0, 1170.0)",1,"(903.0, 1269.0)",1,"(957.0, 1119.0)",1,"(1101.0, 1251.0)",0,0,0,0,0,0,"(669.0, 1269.0)","(966.0, 1191.0)",18.44756081,922.3780407,"(1248.0, 1137.0)"
05082019-Bear5,5,35,336.8627651,29.88277096,5,0,1,"(876.0, 1275.0)",1,"(795.0, 1170.0)",1,"(903.0, 1269.0)",1,"(957.0, 1119.0)",1,"(1101.0, 1251.0)",0,0,0,0,0,0,"(657.0, 1272.0)","(936.0, 1206.0)",0,0,"(1248.0, 1137.0)"
05082019-Bear5,5,36,336.8627651,29.88277096,5,0,1,"(846.0, 1296.0)",1,"(795.0, 1170.0)",1,"(903.0, 1269.0)",1,"(948.0, 1137.0)",1,"(1071.0, 1254.0)",0,0,0,0,0,0,"(657.0, 1272.0)","(936.0, 1206.0)",0,0,"(1206.0, 1128.0)"
05082019-Bear5,5,37,336.8627651,29.88277096,4,0,0,0,1,"(795.0, 1170.0)",1,"(903.0, 1269.0)",1,"(948.0, 1137.0)",1,"(1071.0, 1254.0)",0,0,0,0,0,0,"(657.0, 1272.0)","(936.0, 1206.0)",0,0,"(1206.0, 1128.0)"
05082019-Bear5,5,38,336.8627651,29.88277096,4,1,0,0,1,"(795.0, 1170.0)",1,"(903.0, 1269.0)",1,"(948.0, 1137.0)",1,"(1071.0, 1254.0)",0,0,1,"(1239.0, 1086.0)",0,0,"(618.0, 1269.0)","(936.0, 1206.0)",0,0,"(1206.0, 1128.0)"
05082019-Bear5,5,39,336.8627651,29.88277096,4,1,0,0,1,"(795.0, 1170.0)",1,"(903.0, 1269.0)",1,"(924.0, 1137.0)",1,"(1071.0, 1254.0)",0,0,1,"(1239.0, 1086.0)",0,0,"(618.0, 1269.0)","(936.0, 1206.0)",11.66726189,583.3630945,"(1206.0, 1128.0)"
05082019-Bear5,5,40,336.8627651,29.88277096,4,1,0,0,1,"(777.0, 1167.0)",1,"(903.0, 1269.0)",1,"(924.0, 1137.0)",1,"(1056.0, 1248.0)",0,0,1,"(1239.0, 1086.0)",0,0,"(618.0, 1269.0)","(915.0, 1203.0)",0,0,"(1206.0, 1128.0)"
05082019-Bear5,5,41,336.8627651,29.88277096,5,1,0,0,1,"(768.0, 1170.0)",1,"(903.0, 1269.0)",1,"(924.0, 1137.0)",1,"(1056.0, 1248.0)",1,"(960.0, 1134.0)",1,"(1239.0, 1086.0)",0,0,"(618.0, 1263.0)","(915.0, 1203.0)",0,0,"(1206.0, 1128.0)"
05082019-Bear5,5,42,336.8627651,29.88277096,4,1,0,0,1,"(768.0, 1170.0)",1,"(903.0, 1269.0)",0,0,1,"(1056.0, 1248.0)",1,"(960.0, 1134.0)",1,"(1221.0, 1095.0)",0,0,"(618.0, 1263.0)","(915.0, 1203.0)",0,0,"(1206.0, 1128.0)"
05082019-Bear5,5,43,336.8627651,29.88277096,4,1,0,0,1,"(768.0, 1170.0)",1,"(903.0, 1269.0)",0,0,1,"(1056.0, 1248.0)",1,"(960.0, 1134.0)",1,"(1221.0, 1095.0)",0,0,"(591.0, 1251.0)","(915.0, 1203.0)",0,0,"(1152.0, 1152.0)"
05082019-Bear5,5,44,336.8627651,29.88277096,4,1,0,0,1,"(768.0, 1170.0)",1,"(876.0, 1287.0)",0,0,1,"(1056.0, 1248.0)",1,"(960.0, 1134.0)",1,"(1221.0, 1095.0)",0,0,"(591.0, 1251.0)","(915.0, 1203.0)",48.10535313,2405.267657,"(1152.0, 1152.0)"
05082019-Bear5,5,45,336.8627651,29.88277096,4,0,1,"(669.0, 1311.0)",1,"(699.0, 1185.0)",1,"(876.0, 1287.0)",0,0,0,0,1,"(960.0, 1134.0)",0,0,0,0,"(591.0, 1251.0)","(828.0, 1212.0)",0,0,"(1152.0, 1152.0)"
05082019-Bear5,5,46,336.8627651,29.88277096,4,0,1,"(669.0, 1311.0)",1,"(699.0, 1185.0)",1,"(876.0, 1287.0)",0,0,0,0,1,"(960.0, 1134.0)",0,0,0,0,"(543.0, 1263.0)","(828.0, 1212.0)",0,0,"(1152.0, 1152.0)"
05082019-Bear5,5,47,336.8627651,29.88277096,4,0,1,"(669.0, 1311.0)",1,"(699.0, 1185.0)",1,"(837.0, 1296.0)",0,0,0,0,1,"(927.0, 1131.0)",0,0,0,0,"(543.0, 1263.0)","(828.0, 1212.0)",0,0,"(1077.0, 1182.0)"
05082019-Bear5,5,48,336.8627651,29.88277096,4,0,1,"(669.0, 1311.0)",1,"(699.0, 1185.0)",1,"(837.0, 1296.0)",0,0,0,0,1,"(927.0, 1131.0)",0,0,0,0,"(543.0, 1263.0)","(828.0, 1212.0)",0,0,"(1077.0, 1182.0)"
05082019-Bear5,5,49,336.8627651,29.88277096,4,0,1,"(669.0, 1311.0)",1,"(681.0, 1197.0)",1,"(837.0, 1296.0)",0,0,0,0,1,"(927.0, 1131.0)",0,0,0,0,"(504.0, 1269.0)","(828.0, 1212.0)",31.7383837,1586.919185,"(1077.0, 1182.0)"
05082019-Bear5,5,50,336.8627651,29.88277096,5,0,1,"(669.0, 1311.0)",1,"(675.0, 1197.0)",1,"(807.0, 1299.0)",1,"(711.0, 1179.0)",0,0,1,"(909.0, 1146.0)",0,0,0,0,"(504.0, 1269.0)","(777.0, 1239.0)",0,0,"(1077.0, 1182.0)"
05082019-Bear5,5,51,336.8627651,29.88277096,4,0,1,"(669.0, 1332.0)",0,0,1,"(807.0, 1299.0)",1,"(711.0, 1179.0)",0,0,1,"(909.0, 1146.0)",0,0,0,0,"(498.0, 1317.0)","(777.0, 1239.0)",0,0,"(1077.0, 1182.0)"
05082019-Bear5,5,52,336.8627651,29.88277096,4,0,1,"(669.0, 1332.0)",0,0,1,"(807.0, 1299.0)",1,"(711.0, 1179.0)",0,0,1,"(909.0, 1146.0)",0,0,0,0,"(498.0, 1317.0)","(777.0, 1239.0)",0,0,"(1047.0, 1188.0)"
05082019-Bear5,5,53,336.8627651,29.88277096,4,0,1,"(669.0, 1332.0)",0,0,1,"(807.0, 1299.0)",1,"(711.0, 1179.0)",0,0,1,"(909.0, 1149.0)",0,0,0,0,"(498.0, 1317.0)","(777.0, 1239.0)",0,0,"(1047.0, 1188.0)"
05082019-Bear5,5,54,336.8627651,29.88277096,4,0,1,"(669.0, 1332.0)",0,0,1,"(807.0, 1299.0)",1,"(711.0, 1179.0)",0,0,1,"(909.0, 1149.0)",0,0,0,0,"(507.0, 1347.0)","(777.0, 1239.0)",0,0,"(1047.0, 1188.0)"
05082019-Bear5,5,55,336.8627651,29.88277096,4,0,1,"(669.0, 1332.0)",0,0,1,"(807.0, 1299.0)",1,"(711.0, 1179.0)",0,0,1,"(888.0, 1155.0)",0,0,0,0,"(507.0, 1347.0)","(777.0, 1239.0)",0,0,"(1047.0, 1188.0)"
05082019-Bear5,5,56,336.8627651,29.88277096,4,0,1,"(678.0, 1338.0)",0,0,1,"(807.0, 1299.0)",1,"(711.0, 1179.0)",0,0,1,"(888.0, 1155.0)",0,0,0,0,"(537.0, 1398.0)","(777.0, 1239.0)",0,0,"(1047.0, 1188.0)"
05082019-Bear5,5,57,336.8627651,29.88277096,4,0,1,"(678.0, 1338.0)",0,0,0,0,1,"(711.0, 1179.0)",1,"(873.0, 1302.0)",1,"(888.0, 1155.0)",0,0,0,0,"(537.0, 1398.0)","(777.0, 1239.0)",12.56602562,628.3012812,"(1047.0, 1188.0)"
05082019-Bear5,5,58,336.8627651,29.88277096,4,0,1,"(678.0, 1338.0)",0,0,0,0,1,"(711.0, 1179.0)",1,"(873.0, 1302.0)",1,"(888.0, 1155.0)",0,0,0,0,"(537.0, 1398.0)","(756.0, 1248.0)",0,0,"(1020.0, 1191.0)"
05082019-Bear5,5,59,336.8627651,29.88277096,4,0,1,"(678.0, 1338.0)",0,0,0,0,1,"(711.0, 1179.0)",1,"(873.0, 1302.0)",1,"(888.0, 1155.0)",0,0,0,0,"(537.0, 1398.0)","(756.0, 1248.0)",0,0,"(1020.0, 1191.0)"
05082019-Bear5,5,60,336.8627651,29.88277096,4,0,1,"(678.0, 1338.0)",0,0,0,0,1,"(711.0, 1179.0)",1,"(873.0, 1302.0)",1,"(888.0, 1155.0)",0,0,0,0,"(537.0, 1398.0)","(756.0, 1248.0)",0,0,"(1020.0, 1191.0)"
05082019-Bear5,5,61,336.8627651,29.88277096,5,0,1,"(678.0, 1338.0)",1,"(570.0, 1266.0)",0,0,1,"(711.0, 1179.0)",1,"(873.0, 1302.0)",1,"(888.0, 1155.0)",0,0,0,0,"(537.0, 1398.0)","(756.0, 1248.0)",0,0,"(1020.0, 1191.0)"
05082019-Bear5,5,62,336.8627651,29.88277096,5,0,1,"(678.0, 1347.0)",1,"(570.0, 1266.0)",0,0,1,"(711.0, 1179.0)",1,"(873.0, 1302.0)",1,"(888.0, 1155.0)",0,0,0,0,"(519.0, 1404.0)","(756.0, 1248.0)",0,0,"(1020.0, 1191.0)"
05082019-Bear5,5,63,336.8627651,29.88277096,5,0,1,"(678.0, 1347.0)",1,"(570.0, 1266.0)",0,0,1,"(711.0, 1179.0)",1,"(873.0, 1302.0)",1,"(870.0, 1161.0)",0,0,0,0,"(519.0, 1404.0)","(756.0, 1248.0)",0,0,"(1020.0, 1191.0)"
05082019-Bear5,5,64,336.8627651,29.88277096,5,0,1,"(678.0, 1347.0)",1,"(570.0, 1266.0)",0,0,1,"(708.0, 1179.0)",1,"(873.0, 1302.0)",1,"(870.0, 1161.0)",0,0,0,0,"(492.0, 1407.0)","(756.0, 1248.0)",13.30272528,665.1362642,"(1020.0, 1191.0)"
05082019-Bear5,5,65,336.8627651,29.88277096,5,0,1,"(678.0, 1347.0)",1,"(570.0, 1266.0)",0,0,1,"(708.0, 1179.0)",1,"(873.0, 1302.0)",1,"(870.0, 1161.0)",0,0,0,0,"(492.0, 1407.0)","(732.0, 1251.0)",0,0,"(1020.0, 1191.0)"
05082019-Bear5,5,66,336.8627651,29.88277096,4,0,1,"(678.0, 1347.0)",1,"(558.0, 1272.0)",0,0,1,"(708.0, 1179.0)",1,"(873.0, 1305.0)",0,0,0,0,0,0,"(492.0, 1407.0)","(732.0, 1251.0)",0,0,"(1020.0, 1191.0)"
05082019-Bear5,5,67,336.8627651,29.88277096,4,0,1,"(660.0, 1347.0)",1,"(558.0, 1272.0)",0,0,1,"(708.0, 1179.0)",1,"(873.0, 1305.0)",0,0,0,0,0,0,"(465.0, 1407.0)","(732.0, 1251.0)",0,0,"(999.0, 1212.0)"
05082019-Bear5,5,68,336.8627651,29.88277096,4,0,1,"(660.0, 1347.0)",1,"(558.0, 1272.0)",0,0,1,"(708.0, 1179.0)",1,"(873.0, 1305.0)",0,0,0,0,0,0,"(465.0, 1407.0)","(732.0, 1251.0)",0,0,"(999.0, 1212.0)"
05082019-Bear5,5,69,336.8627651,29.88277096,4,0,1,"(660.0, 1347.0)",1,"(558.0, 1272.0)",0,0,1,"(705.0, 1203.0)",1,"(870.0, 1311.0)",0,0,0,0,0,0,"(465.0, 1407.0)","(732.0, 1251.0)",0,0,"(999.0, 1212.0)"
05082019-Bear5,5,70,336.8627651,29.88277096,4,0,1,"(645.0, 1365.0)",1,"(558.0, 1272.0)",0,0,1,"(705.0, 1203.0)",1,"(870.0, 1311.0)",0,0,0,0,0,0,"(465.0, 1407.0)","(732.0, 1251.0)",19.86863106,993.4315528,"(999.0, 1212.0)"
05082019-Bear5,5,71,336.8627651,29.88277096,4,0,1,"(645.0, 1365.0)",1,"(558.0, 1272.0)",0,0,1,"(705.0, 1203.0)",1,"(870.0, 1311.0)",0,0,0,0,0,0,"(465.0, 1407.0)","(708.0, 1278.0)",0,0,"(999.0, 1212.0)"
05082019-Bear5,5,72,336.8627651,29.88277096,4,0,0,0,1,"(558.0, 1272.0)",1,"(663.0, 1359.0)",1,"(705.0, 1203.0)",1,"(870.0, 1311.0)",0,0,0,0,0,0,"(417.0, 1374.0)","(708.0, 1278.0)",0,0,"(999.0, 1212.0)"
05082019-Bear5,5,73,336.8627651,29.88277096,4,0,0,0,1,"(558.0, 1272.0)",1,"(663.0, 1359.0)",1,"(678.0, 1206.0)",1,"(843.0, 1317.0)",0,0,0,0,0,0,"(417.0, 1374.0)","(708.0, 1278.0)",0,0,"(999.0, 1212.0)"
05082019-Bear5,5,74,336.8627651,29.88277096,4,0,0,0,1,"(558.0, 1272.0)",1,"(663.0, 1359.0)",1,"(678.0, 1206.0)",1,"(843.0, 1317.0)",0,0,0,0,0,0,"(417.0, 1374.0)","(708.0, 1278.0)",10.43551628,521.7758139,"(969.0, 1206.0)"
05082019-Bear5,5,75,336.8627651,29.88277096,4,0,0,0,1,"(534.0, 1272.0)",1,"(663.0, 1359.0)",1,"(678.0, 1206.0)",1,"(843.0, 1317.0)",0,0,0,0,0,0,"(390.0, 1374.0)","(690.0, 1284.0)",0,0,"(969.0, 1206.0)"
05082019-Bear5,5,76,336.8627651,29.88277096,4,0,0,0,1,"(534.0, 1272.0)",1,"(663.0, 1359.0)",1,"(678.0, 1206.0)",1,"(843.0, 1317.0)",0,0,0,0,0,0,"(390.0, 1374.0)","(690.0, 1284.0)",0,0,"(969.0, 1206.0)"
05082019-Bear5,5,77,336.8627651,29.88277096,5,0,0,0,1,"(534.0, 1272.0)",1,"(663.0, 1359.0)",1,"(678.0, 1206.0)",1,"(822.0, 1311.0)",1,"(738.0, 1185.0)",0,0,0,0,"(390.0, 1374.0)","(690.0, 1284.0)",0,0,"(969.0, 1206.0)"
05082019-Bear5,5,78,336.8627651,29.88277096,5,0,0,0,1,"(534.0, 1272.0)",1,"(663.0, 1359.0)",1,"(678.0, 1206.0)",1,"(822.0, 1311.0)",1,"(738.0, 1185.0)",0,0,0,0,"(378.0, 1347.0)","(690.0, 1284.0)",11.06853649,553.4268244,"(951.0, 1203.0)"
05082019-Bear5,5,79,336.8627651,29.88277096,4,0,0,0,1,"(534.0, 1272.0)",1,"(663.0, 1359.0)",0,0,1,"(822.0, 1311.0)",1,"(738.0, 1185.0)",0,0,0,0,"(378.0, 1347.0)","(672.0, 1293.0)",0,0,"(951.0, 1203.0)"
05082019-Bear5,5,80,336.8627651,29.88277096,4,0,0,0,1,"(519.0, 1269.0)",1,"(663.0, 1359.0)",0,0,1,"(822.0, 1311.0)",1,"(738.0, 1185.0)",0,0,0,0,"(378.0, 1347.0)","(672.0, 1293.0)",0,0,"(951.0, 1203.0)"
05082019-Bear5,5,81,336.8627651,29.88277096,5,0,1,"(495.0, 1407.0)",1,"(519.0, 1269.0)",1,"(663.0, 1359.0)",0,0,1,"(822.0, 1311.0)",1,"(738.0, 1185.0)",0,0,0,0,"(378.0, 1347.0)","(672.0, 1293.0)",8.413382197,420.6691099,"(951.0, 1203.0)"
05082019-Bear5,5,82,336.8627651,29.88277096,5,0,1,"(495.0, 1407.0)",1,"(519.0, 1269.0)",1,"(663.0, 1359.0)",0,0,1,"(822.0, 1311.0)",1,"(738.0, 1185.0)",0,0,0,0,"(378.0, 1347.0)","(657.0, 1296.0)",0,0,"(927.0, 1206.0)"
05082019-Bear5,5,83,336.8627651,29.88277096,4,0,1,"(492.0, 1431.0)",1,"(519.0, 1269.0)",1,"(663.0, 1359.0)",0,0,0,0,1,"(738.0, 1185.0)",0,0,0,0,"(330.0, 1449.0)","(657.0, 1296.0)",0,0,"(858.0, 1221.0)"
05082019-Bear5,5,84,336.8627651,29.88277096,4,0,1,"(492.0, 1431.0)",1,"(519.0, 1269.0)",1,"(663.0, 1359.0)",0,0,0,0,1,"(738.0, 1185.0)",0,0,0,0,"(330.0, 1449.0)","(657.0, 1296.0)",40.75199382,2037.599691,"(858.0, 1221.0)"
05082019-Bear5,5,85,336.8627651,29.88277096,4,0,1,"(492.0, 1431.0)",1,"(477.0, 1320.0)",1,"(642.0, 1386.0)",0,0,0,0,1,"(684.0, 1218.0)",0,0,0,0,"(330.0, 1449.0)","(594.0, 1335.0)",0,0,"(858.0, 1221.0)"
05082019-Bear5,5,86,336.8627651,29.88277096,4,0,1,"(492.0, 1431.0)",1,"(462.0, 1317.0)",1,"(642.0, 1386.0)",0,0,0,0,1,"(684.0, 1218.0)",0,0,0,0,"(330.0, 1449.0)","(594.0, 1335.0)",0,0,"(831.0, 1236.0)"
05082019-Bear5,5,87,336.8627651,29.88277096,5,0,1,"(492.0, 1431.0)",1,"(462.0, 1317.0)",1,"(642.0, 1386.0)",1,"(501.0, 1287.0)",0,0,1,"(684.0, 1218.0)",0,0,0,0,"(330.0, 1449.0)","(594.0, 1335.0)",21.45,1072.5,"(831.0, 1236.0)"
05082019-Bear5,5,88,336.8627651,29.88277096,5,0,1,"(492.0, 1431.0)",1,"(462.0, 1317.0)",1,"(615.0, 1386.0)",1,"(501.0, 1287.0)",0,0,1,"(684.0, 1218.0)",0,0,0,0,"(297.0, 1434.0)","(555.0, 1335.0)",0,0,"(831.0, 1236.0)"
05082019-Bear5,5,89,336.8627651,29.88277096,5,0,1,"(492.0, 1431.0)",1,"(462.0, 1317.0)",1,"(615.0, 1386.0)",1,"(501.0, 1287.0)",0,0,1,"(684.0, 1218.0)",0,0,0,0,"(297.0, 1434.0)","(555.0, 1335.0)",0,0,"(831.0, 1236.0)"
05082019-Bear5,5,90,336.8627651,29.88277096,4,0,1,"(492.0, 1431.0)",0,0,1,"(615.0, 1386.0)",1,"(501.0, 1287.0)",0,0,1,"(684.0, 1218.0)",0,0,0,0,"(297.0, 1434.0)","(555.0, 1335.0)",0,0,"(804.0, 1248.0)"
05082019-Bear5,5,91,336.8627651,29.88277096,4,0,1,"(492.0, 1431.0)",0,0,1,"(615.0, 1386.0)",1,"(501.0, 1287.0)",0,0,1,"(684.0, 1218.0)",0,0,0,0,"(297.0, 1452.0)","(555.0, 1335.0)",0,0,"(804.0, 1248.0)"
05082019-Bear5,5,92,336.8627651,29.88277096,3,0,1,"(474.0, 1437.0)",0,0,0,0,1,"(501.0, 1287.0)",0,0,1,"(669.0, 1221.0)",0,0,0,0,"(297.0, 1452.0)","(555.0, 1335.0)",0,0,"(804.0, 1248.0)"
05082019-Bear5,5,93,336.8627651,29.88277096,3,0,1,"(474.0, 1437.0)",0,0,0,0,1,"(516.0, 1257.0)",0,0,1,"(669.0, 1221.0)",0,0,0,0,"(297.0, 1467.0)","(555.0, 1335.0)",0,0,"(804.0, 1248.0)"
05082019-Bear5,5,94,336.8627651,29.88277096,4,0,1,"(474.0, 1437.0)",0,0,0,0,1,"(516.0, 1257.0)",1,"(621.0, 1371.0)",1,"(645.0, 1224.0)",0,0,0,0,"(297.0, 1467.0)","(555.0, 1335.0)",11.66726189,583.3630945,"(804.0, 1248.0)"
05082019-Bear5,5,95,336.8627651,29.88277096,4,1,1,"(474.0, 1437.0)",0,0,0,0,1,"(516.0, 1257.0)",1,"(621.0, 1371.0)",1,"(645.0, 1224.0)",0,0,1,"(840.0, 1260.0)","(297.0, 1467.0)","(534.0, 1332.0)",0,0,"(777.0, 1248.0)"
05082019-Bear5,5,96,336.8627651,29.88277096,4,1,1,"(450.0, 1425.0)",0,0,0,0,1,"(486.0, 1260.0)",1,"(621.0, 1371.0)",1,"(645.0, 1224.0)",0,0,1,"(840.0, 1260.0)","(249.0, 1434.0)","(534.0, 1332.0)",0,0,"(777.0, 1248.0)"
05082019-Bear5,5,97,336.8627651,29.88277096,4,1,1,"(450.0, 1425.0)",0,0,0,0,1,"(486.0, 1260.0)",1,"(621.0, 1371.0)",1,"(645.0, 1224.0)",0,0,1,"(840.0, 1260.0)","(249.0, 1434.0)","(534.0, 1332.0)",0,0,"(777.0, 1248.0)"
05082019-Bear5,5,98,336.8627651,29.88277096,4,1,1,"(450.0, 1425.0)",0,0,0,0,1,"(486.0, 1260.0)",1,"(621.0, 1371.0)",1,"(645.0, 1224.0)",0,0,1,"(840.0, 1260.0)","(249.0, 1434.0)","(534.0, 1332.0)",9.9,495,"(777.0, 1248.0)"
05082019-Bear5,5,99,336.8627651,29.88277096,5,1,1,"(438.0, 1425.0)",1,"(321.0, 1338.0)",0,0,1,"(486.0, 1260.0)",1,"(639.0, 1386.0)",1,"(645.0, 1260.0)",0,0,1,"(840.0, 1260.0)","(240.0, 1434.0)","(516.0, 1332.0)",0,0,"(759.0, 1254.0)"
05082019-Bear5,5,100,336.8627651,29.88277096,5,1,1,"(438.0, 1425.0)",1,"(321.0, 1338.0)",0,0,1,"(486.0, 1260.0)",1,"(639.0, 1386.0)",1,"(645.0, 1260.0)",0,0,1,"(816.0, 1269.0)","(240.0, 1434.0)","(516.0, 1332.0)",0,0,"(759.0, 1254.0)"
05082019-Bear5,5,101,336.8627651,29.88277096,4,1,1,"(438.0, 1425.0)",1,"(321.0, 1338.0)",0,0,1,"(483.0, 1266.0)",1,"(639.0, 1386.0)",0,0,0,0,1,"(807.0, 1269.0)","(228.0, 1449.0)","(516.0, 1332.0)",0,0,"(759.0, 1254.0)"
05082019-Bear5,5,102,336.8627651,29.88277096,4,1,1,"(420.0, 1431.0)",1,"(321.0, 1338.0)",0,0,1,"(483.0, 1266.0)",1,"(639.0, 1386.0)",0,0,0,0,1,"(807.0, 1269.0)","(228.0, 1449.0)","(516.0, 1332.0)",13.30272528,665.1362642,"(726.0, 1257.0)"
05082019-Bear5,5,103,336.8627651,29.88277096,4,1,1,"(420.0, 1431.0)",1,"(321.0, 1338.0)",0,0,1,"(483.0, 1266.0)",1,"(639.0, 1386.0)",0,0,0,0,1,"(807.0, 1269.0)","(228.0, 1449.0)","(495.0, 1344.0)",0,0,"(726.0, 1257.0)"
05082019-Bear5,5,104,336.8627651,29.88277096,4,0,1,"(420.0, 1431.0)",1,"(321.0, 1338.0)",0,0,1,"(477.0, 1284.0)",1,"(630.0, 1365.0)",0,0,0,0,0,0,"(192.0, 1461.0)","(495.0, 1344.0)",0,0,"(726.0, 1257.0)"
05082019-Bear5,5,105,336.8627651,29.88277096,5,0,1,"(420.0, 1431.0)",1,"(321.0, 1338.0)",1,"(435.0, 1434.0)",1,"(477.0, 1284.0)",1,"(630.0, 1365.0)",0,0,0,0,0,0,"(192.0, 1461.0)","(495.0, 1344.0)",0,0,"(726.0, 1257.0)"
05082019-Bear5,5,106,336.8627651,29.88277096,4,0,0,0,1,"(321.0, 1338.0)",1,"(435.0, 1434.0)",1,"(444.0, 1293.0)",1,"(630.0, 1365.0)",0,0,0,0,0,0,"(192.0, 1461.0)","(495.0, 1344.0)",15.65327442,782.6637209,"(726.0, 1257.0)"
05082019-Bear5,5,107,336.8627651,29.88277096,4,0,0,0,1,"(321.0, 1338.0)",1,"(435.0, 1434.0)",1,"(444.0, 1293.0)",1,"(630.0, 1365.0)",0,0,0,0,0,0,"(156.0, 1440.0)","(468.0, 1353.0)",0,0,"(678.0, 1242.0)"
05082019-Bear5,5,108,336.8627651,29.88277096,4,0,0,0,1,"(303.0, 1332.0)",1,"(435.0, 1434.0)",1,"(444.0, 1293.0)",1,"(630.0, 1365.0)",0,0,0,0,0,0,"(156.0, 1440.0)","(468.0, 1353.0)",0,0,"(678.0, 1242.0)"
05082019-Bear5,5,109,336.8627651,29.88277096,4,0,0,0,1,"(303.0, 1332.0)",1,"(435.0, 1434.0)",1,"(444.0, 1293.0)",1,"(594.0, 1374.0)",0,0,0,0,0,0,"(156.0, 1440.0)","(468.0, 1353.0)",15.65327442,782.6637209,"(678.0, 1242.0)"
05082019-Bear5,5,110,336.8627651,29.88277096,3,0,0,0,1,"(303.0, 1332.0)",1,"(435.0, 1434.0)",0,0,1,"(594.0, 1374.0)",0,0,0,0,0,0,"(141.0, 1428.0)","(441.0, 1362.0)",0,0,"(678.0, 1242.0)"
05082019-Bear5,5,111,336.8627651,29.88277096,3,1,0,0,1,"(303.0, 1332.0)",1,"(435.0, 1434.0)",0,0,1,"(594.0, 1374.0)",0,0,1,"(726.0, 1194.0)",0,0,"(141.0, 1428.0)","(441.0, 1362.0)",0,0,"(678.0, 1242.0)"
05082019-Bear5,5,112,336.8627651,29.88277096,4,1,0,0,1,"(303.0, 1332.0)",1,"(435.0, 1434.0)",0,0,1,"(594.0, 1374.0)",1,"(474.0, 1269.0)",1,"(726.0, 1194.0)",0,0,"(141.0, 1428.0)","(441.0, 1362.0)",0,0,"(666.0, 1254.0)"
05082019-Bear5,5,113,336.8627651,29.88277096,4,1,0,0,1,"(303.0, 1332.0)",1,"(432.0, 1437.0)",0,0,1,"(594.0, 1374.0)",1,"(474.0, 1269.0)",1,"(726.0, 1194.0)",0,0,"(138.0, 1407.0)","(441.0, 1362.0)",0,0,"(666.0, 1254.0)"
05082019-Bear5,5,114,336.8627651,29.88277096,5,1,1,"(213.0, 1473.0)",1,"(303.0, 1332.0)",1,"(432.0, 1437.0)",0,0,1,"(594.0, 1374.0)",1,"(474.0, 1269.0)",1,"(726.0, 1194.0)",0,0,"(138.0, 1407.0)","(441.0, 1362.0)",0,0,"(666.0, 1254.0)"
05082019-Bear5,5,115,336.8627651,29.88277096,5,0,1,"(213.0, 1473.0)",1,"(252.0, 1356.0)",1,"(408.0, 1455.0)",0,0,1,"(531.0, 1416.0)",1,"(474.0, 1269.0)",0,0,0,0,"(138.0, 1407.0)","(441.0, 1362.0)",33.97557947,1698.778973,"(615.0, 1311.0)"
05082019-Bear5,5,116,336.8627651,29.88277096,5,0,1,"(213.0, 1473.0)",1,"(252.0, 1356.0)",1,"(408.0, 1455.0)",0,0,1,"(531.0, 1416.0)",1,"(474.0, 1269.0)",0,0,0,0,"(90.0, 1410.0)","(387.0, 1392.0)",0,0,"(615.0, 1311.0)"
05082019-Bear5,5,117,336.8627651,29.88277096,4,0,1,"(213.0, 1473.0)",1,"(252.0, 1356.0)",1,"(408.0, 1455.0)",0,0,0,0,1,"(468.0, 1272.0)",0,0,0,0,"(90.0, 1410.0)","(387.0, 1392.0)",0,0,"(615.0, 1311.0)"
05082019-Bear5,5,118,336.8627651,29.88277096,4,0,1,"(213.0, 1473.0)",1,"(252.0, 1356.0)",1,"(408.0, 1455.0)",0,0,0,0,1,"(468.0, 1272.0)",0,0,0,0,"(78.0, 1422.0)","(387.0, 1392.0)",0,0,"(615.0, 1311.0)"
05082019-Bear5,5,119,336.8627651,29.88277096,4,0,1,"(213.0, 1473.0)",1,"(252.0, 1356.0)",1,"(378.0, 1449.0)",0,0,0,0,1,"(468.0, 1272.0)",0,0,0,0,"(78.0, 1422.0)","(387.0, 1392.0)",31.52320574,1576.160287,"(615.0, 1311.0)"
05082019-Bear5,5,120,336.8627651,29.88277096,4,0,1,"(213.0, 1473.0)",1,"(222.0, 1362.0)",1,"(378.0, 1449.0)",0,0,0,0,1,"(468.0, 1272.0)",0,0,0,0,"(78.0, 1422.0)","(330.0, 1386.0)",0,0,"(582.0, 1311.0)"
05082019-Bear5,5,121,336.8627651,29.88277096,5,0,1,"(213.0, 1473.0)",1,"(222.0, 1362.0)",1,"(378.0, 1449.0)",1,"(258.0, 1344.0)",0,0,1,"(441.0, 1272.0)",0,0,0,0,"(63.0, 1443.0)","(330.0, 1386.0)",0,0,"(582.0, 1311.0)"
05082019-Bear5,5,122,336.8627651,29.88277096,5,0,1,"(213.0, 1473.0)",1,"(222.0, 1362.0)",1,"(378.0, 1449.0)",1,"(258.0, 1344.0)",0,0,1,"(441.0, 1272.0)",0,0,0,0,"(63.0, 1443.0)","(330.0, 1386.0)",0,0,"(582.0, 1311.0)"
05082019-Bear5,5,123,336.8627651,29.88277096,4,0,1,"(213.0, 1473.0)",0,0,1,"(378.0, 1449.0)",1,"(258.0, 1344.0)",0,0,1,"(441.0, 1272.0)",0,0,0,0,"(48.0, 1473.0)","(330.0, 1386.0)",0,0,"(582.0, 1311.0)"
05082019-Bear5,5,124,336.8627651,29.88277096,4,0,1,"(213.0, 1473.0)",0,0,1,"(378.0, 1449.0)",1,"(258.0, 1344.0)",0,0,1,"(441.0, 1293.0)",0,0,0,0,"(48.0, 1473.0)","(330.0, 1386.0)",0,0,"(558.0, 1338.0)"
05082019-Bear5,5,125,336.8627651,29.88277096,3,0,1,"(213.0, 1473.0)",0,0,0,0,1,"(258.0, 1344.0)",0,0,1,"(441.0, 1293.0)",0,0,0,0,"(45.0, 1488.0)","(330.0, 1386.0)",6.6,330,"(558.0, 1338.0)"
05082019-Bear5,5,126,336.8627651,29.88277096,4,0,1,"(213.0, 1473.0)",0,0,0,0,1,"(258.0, 1344.0)",1,"(393.0, 1440.0)",1,"(441.0, 1293.0)",0,0,0,0,"(45.0, 1488.0)","(318.0, 1386.0)",0,0,"(558.0, 1338.0)"
05082019-Bear5,5,127,336.8627651,29.88277096,4,1,1,"(213.0, 1473.0)",0,0,0,0,1,"(258.0, 1344.0)",1,"(393.0, 1440.0)",1,"(441.0, 1293.0)",0,0,1,"(633.0, 1350.0)","(45.0, 1488.0)","(318.0, 1386.0)",0,0,"(558.0, 1338.0)"
05082019-Bear5,5,128,336.8627651,29.88277096,4,1,1,"(213.0, 1473.0)",0,0,0,0,1,"(258.0, 1326.0)",1,"(393.0, 1440.0)",1,"(441.0, 1293.0)",0,0,1,"(633.0, 1350.0)","(6.0, 1467.0)","(318.0, 1386.0)",0,0,"(558.0, 1338.0)"
05082019-Bear5,5,129,336.8627651,29.88277096,5,1,1,"(213.0, 1473.0)",1,"(78.0, 1380.0)",0,0,1,"(258.0, 1326.0)",1,"(393.0, 1440.0)",1,"(414.0, 1302.0)",0,0,1,"(633.0, 1350.0)","(318.0, 1386.0)",62.13296227,3106.648113,"(558.0, 1338.0)",
05082019-Bear5,5,130,336.8627651,29.88277096,0,0,0,0,0,0,0,0,0,0,0,0,0,0,0,0,0,0,,,,,