bear,body_length,body_length_sd,limb_length,limb_length_sd,L1_swing,L1_swing_sd,L1_stance,L1_stance_sd,L1_period,L1_period_sd,L1_duty_factor,L1_duty_factor_sd,L1_step_length,L1_step_length_sd,L1_pull_back,L1_pull_back_sd,L1_stride_length,L1_stride_length_sd,R1_swing,R1_swing_sd,R1_stance,R1_stance_sd,R1_period,R1_period_sd,R1_duty_factor,R1_duty_factor_sd,R1_step_length,R1_step_length_sd,R1_pull_back,R1_pull_back_sd,R1_stride_length,R1_stride_length_sd,L2_swing,L2_swing_sd,L2_stance,L2_stance_sd,L2_period,L2_period_sd,L2_duty_factor,L2_duty_factor_sd,L2_step_length,L2_step_length_sd,L2_pull_back,L2_pull_back_sd,L2_stride_length,L2_stride_length_sd,R2_swing,R2_swing_sd,R2_stance,R2_stance_sd,R2_period,R2_period_sd,R2_duty_factor,R2_duty_factor_sd,R2_step_length,R2_step_length_sd,R2_pull_back,R2_pull_back_sd,R2_stride_length,R2_stride_length_sd,L3_swing,L3_swing_sd,L3_stance,L3_stance_sd,L3_period,L3_period_sd,L3_duty_factor,L3_duty_factor_sd,L3_step_length,L3_step_length_sd,L3_pull_back,L3_pull_back_sd,L3_stride_length,L3_stride_length_sd,R3_swing,R3_swing_sd,R3_stance,R3_stance_sd,R3_period,R3_period_sd,R3_duty_factor,R3_duty_factor_sd,R3_step_length,R3_step_length_sd,R3_pull_back,R3_pull_back_sd,R3_stride_length,R3_stride_length_sd,L4_swing,L4_swing_sd,L4_stance,L4_stance_sd,L4_period,L4_period_sd,L4_duty_factor,L4_duty_factor_sd,L4_step_length,L4_step_length_sd,L4_pull_back,L4_pull_back_sd,L4_stride_length,L4_stride_length_sd,R4_swing,R4_swing_sd,R4_stance,R4_stance_sd,R4_period,R4_period_sd,R4_duty_factor,R4_duty_factor_sd,R4_step_length,R4_step_length_sd,R4_pull_back,R4_pull_back_sd,R4_stride_length,R4_stride_length_sd,cum_swing,cum_swing_sd,cum_stance,cum_stance_sd,cum_period,cum_period_sd,cum_duty_factor,cum_duty_factor_sd,cum_step_length,cum_step_length_sd,cum_pull_back,cum_pull_back_sd,cum_stride_length,cum_stride_length_sd,speed,speed_sd,Froude_number
Bear8,286.17869417550986,0.0,47.62186997588398,0.0,0.32285714285714284,0.0517450579322138,0.7828571428571429,0.16333263917664517,1.1057142857142856,0.16333263917664517,0.7034134931262803,0.046313214310778075,66.55583821966326,5.5625699629124465,13.48220717864917,5.315215721248707,77.05016943519108,7.8959152192770325,0.35750000000000004,0.179843682124227,0.5900000000000001,0.15905973720586866,0.9475,0.15905973720586866,0.6384584067149857,0.12869270332448293,57.68668765273026,28.753800925379235,13.965642025288322,10.302300972185815,73.89968099911661,22.11789345142985,0.2914285714285714,0.05329930887479323,0.8371428571428572,0.1443917573542089,1.1285714285714286,0.1443917573542089,0.7394623041667225,0.048949641118776366,66.21357677472692,5.081665290622349,13.116374296268578,2.834546505459657,76.85929130954011,8.735869208260022,0.3285714285714286,0.07548482750641661,0.76,0.17037773161000655,1.0885714285714285,0.17037773161000655,0.6922788191975789,0.07165776788432604,68.3219827144405,11.734909737152812,13.225492138670406,8.847533989195368,84.16689947122079,9.328207609246913,0.33714285714285713,0.029137254363387346,0.797142857142857,0.10766539246523868,1.1342857142857141,0.10766539246523868,0.7008212556511074,0.027593987894633038,62.752440490770994,5.031237949986901,16.90919961167599,4.983261689287971,80.38252729805342,4.94187842025218,0.31142857142857144,0.057427860692119366,0.8257142857142857,0.1540739287167173,1.1371428571428572,0.1540739287167173,0.7201601581648166,0.07193827785533627,63.23994552366124,8.038901232227037,18.27377218220781,6.641371971312819,82.5164941098341,7.888553178516804,0.466,0.1128007092176286,0.40800000000000003,0.1156546583584077,0.874,0.1156546583584077,0.46610498426057917,0.09783355978360657,49.05304077364792,8.490638424690722,13.264531664697424,6.033837892771022,61.91318102476568,10.371738709355188,0.5650000000000001,0.0719374728496908,0.3575,0.056953928749472596,0.9225,0.056953928749472596,0.38760975724495295,0.05180818604969226,52.5850460594671,5.879104389592316,11.463995206115394,2.846917440700257,64.6531366491739,9.169926195081807,0.32833333333333337,0.10004165798972613,0.7488888888888887,0.17489326551067555,1.0772222222222223,0.20699719685583387,0.6933193988531031,0.08260548339336629,64.1222324616404,15.539161950869582,14.13494579942099,7.255312346648558,78.34471279419364,13.0340321164139,73.62418643100565,0.0,0.0001161471337530781
Bear3,434.9276060449601,0.0,41.25,0.0,0.24333333333333332,0.026874192494328503,0.62,0.025819888974716137,0.8633333333333334,0.025819888974716137,0.7182785775809032,0.029485479081868105,94.35214100551066,15.339197752041562,13.638313672658631,11.029002682299641,109.91023465175515,9.804160789997713,0.21600000000000003,0.040792156108742275,0.656,0.0512249938994628,0.8719999999999999,0.0512249938994628,0.7527164502164503,0.04490377510796192,89.43178174098863,8.484745996915466,19.29648276013389,2.7761039403911987,110.22336685587122,8.098018211638886,0.21200000000000002,0.020396078054371138,0.628,0.06645299090334461,0.8400000000000001,0.06645299090334461,0.7460975609756098,0.0316344840212181,85.15063919088371,6.299138463626662,18.990863878436738,3.432941763369538,104.5298577160218,6.26053878418153,0.22666666666666668,0.03771236166328253,0.6133333333333334,0.04109609335312655,0.84,0.04109609335312655,0.7308563093446815,0.03933429777718358,99.3880012484707,8.843512188830049,10.390414389899943,4.4717769182015585,107.62555366177115,11.611802142528223,0.236,0.0233238075793812,0.628,0.05306599664568638,0.8640000000000001,0.05306599664568638,0.7266850757216206,0.02057312164711329,97.0098869056693,11.838764401290044,14.933630957912579,6.739819464412616,107.46203405536548,9.518336865412559,0.23199999999999998,0.03487119154832538,0.604,0.034409301068170514,0.836,0.034409301068170514,0.7231425891181988,0.03170901064069049,90.4974488684172,5.375383549870136,15.07352921415396,4.284648997298055,106.61910680751608,7.0315050712831715,0.484,0.034409301068170514,0.356,0.06621178142898738,0.8400000000000001,0.06621178142898738,0.4213821138211382,0.06083362873734093,85.96633894047481,6.018643466048236,18.4932327586507,8.790070655823454,106.0445190765148,11.244664238236972,0.548,0.044899888641287286,0.308,0.10007996802557444,0.8560000000000001,0.10007996802557444,0.35235964912280704,0.07941191007643819,97.98671299370274,9.580870351368269,10.058160769913432,6.356367038377699,106.92260299415129,11.33053259803412,0.22740740740740742,0.033176586187494354,0.628148148148148,0.05055521638741202,0.8555555555555556,0.05370242654930921,0.7341594354119226,0.03651159612964119,93.34823676709617,11.933113276683388,15.195453939176575,7.41354703110213,108.01077863027592,9.567873310278072,133.74901183972747,0.0,0.00044251819834517154
Bear2,404.5428531070596,0.0,40.58463379162119,0.0,0.18,0.06066300355241241,0.616,0.07088018058667739,0.796,0.07088018058667739,0.7771809029458968,0.0576602864621842,88.96726872151677,11.004571606083745,12.81741920566824,8.259253289866276,100.91489004705477,9.647692303905979,0.215,0.09096702699330125,0.59,0.2547547840571399,0.805,0.2547547840571399,0.710756499597963,0.12671927332573377,86.36159163480005,14.802887904190753,18.870445230038182,10.623413849612058,101.11831158642008,9.118809511754494,0.185,0.08411301920630362,0.625,0.14722431864335456,0.8099999999999999,0.14722431864335456,0.778837384685538,0.088401027747677,83.86027456285889,10.020197115921524,15.507153738385025,6.787584838076903,102.826739292714,12.572830287100393,0.205,0.049749371855331,0.7050000000000001,0.17965244223221682,0.91,0.17965244223221682,0.7710138831531022,0.058084111984021324,83.4129719199708,10.085564707945963,13.271449045242594,5.033253444793881,102.72337335054104,5.439250176757691,0.205,0.06689544080129826,0.6900000000000001,0.21748563170931545,0.895,0.21748563170931545,0.763623301985371,0.05866942794367488,77.30280975284738,19.718011545667707,20.66611802684809,10.677473516725975,107.38749635982657,12.086743795093792,0.26800000000000007,0.08255906976220118,0.66,0.3308171700501653,0.9279999999999999,0.3308171700501653,0.6863607613133229,0.12412807096910615,80.90192490665439,13.875213382072975,18.225392812154592,7.631615611563766,99.5948378305869,17.41583410288181,0.42799999999999994,0.2254240448576859,0.44400000000000006,0.25088642848906756,0.8720000000000001,0.25088642848906756,0.4939607843137255,0.20813709881497386,71.83449708302001,23.241676549457214,13.966119009954443,7.624960314636999,97.6760327166774,11.602289977869413,0.45,0.05744562646538029,0.385,0.062249497989943656,0.835,0.062249497989943656,0.4605632615443729,0.051795652264105825,69.00750836104622,12.331921577764668,20.29356098242365,10.40042704184076,94.75773995539882,24.85524529239286,0.19714285714285718,0.07284313590846835,0.6438095238095238,0.18645760888013407,0.8409523809523811,0.19745776551201458,0.7610870853532086,0.08521261473456955,84.218425480452,14.093629093392638,16.06417905668556,9.090851434611261,102.8951491711086,10.342011681812188,133.11810299487317,0.0,0.00044553982802944227
Bear7,365.8954568330239,3.9733070549259253,39.10041248037717,5.935822930678231,0.368,0.03249615361854385,0.9959999999999999,0.2775319801392265,1.364,0.2775319801392265,0.7190761668652135,0.06058273086180252,105.44738545953317,12.083434931700335,21.873929882942388,10.674604979863197,127.4442691513054,3.885197612687114,0.268,0.03487119154832539,1.2239999999999998,0.2815386296762844,1.492,0.2815386296762844,0.81234203052237,0.048171963809220425,104.23494486450961,7.231961635174856,34.12369109669729,11.395183453423737,137.1815197959571,10.880998413355007,0.31500000000000006,0.10428326807307105,1.03,0.266270539113887,1.345,0.266270539113887,0.7641801532254409,0.061933721489407186,105.93495965091977,10.910485725117963,24.666020477514174,10.005901198935131,123.75251811264583,8.537227932957329,0.388,0.06997142273814361,0.9960000000000001,0.192,1.384,0.192,0.7176653476540419,0.038239849712686354,97.57255728773475,19.41578132169086,21.80549939383932,9.209272294012873,115.8459427366458,24.73918049284952,0.35500000000000004,0.07262919523166975,1.18,0.20099751242241778,1.535,0.20099751242241778,0.7654351984696317,0.05060378198071598,78.91434872075185,7.161786856614181,54.24921669215059,15.632957598870734,141.16115862313956,21.199007551601145,0.33999999999999997,0.06928203230275509,1.045,0.26244046944021415,1.385,0.26244046944021415,0.7515096019173304,0.013969586115690649,101.38683515175646,9.416489946395236,25.202841636351422,8.240291163119856,123.08379669319169,17.356471893477025,0.5525,0.10951598056904756,0.3075,0.138901943830891,0.8600000000000001,0.138901943830891,0.34542882480749304,0.0989484381970962,64.38514412792009,26.119462870184716,11.865965304053413,13.906320232290089,77.48151218011466,21.68824469113959,0.7457142857142857,0.11842503872035832,0.36571428571428577,0.25695231035333843,1.1114285714285714,0.25695231035333843,0.29881717902516386,0.16523230393350644,82.5511511900982,20.985256934765406,13.484664568547815,10.864057715475367,91.60210383065886,19.99116748817971,0.3475409836065574,0.06326254784379345,1.038032786885246,0.21497098296091988,1.3855737704918036,0.20882594988362863,0.7436897690551841,0.0607945421410233,93.83580476966118,14.001841996523558,35.893178744727386,14.124576242325974,130.6047174453672,14.461245350293042,91.73786394887338,2.411495728008397,0.00021962907513627873
Bear6,323.28942979301223,2.981121283850996,38.620448028370134,2.925490401276633,0.30000000000000004,0.09486832980505139,0.925,0.19868316486305526,1.225,0.19868316486305526,0.7596128993967288,0.021601925575611903,84.95392727873886,4.538335589040293,21.15716757238188,7.884312608855175,101.3524691559836,11.653089546785315,0.27999999999999997,0.06572670690061994,1.02,0.5007194823451551,1.3,0.5007194823451551,0.7620919409956554,0.07451857234224164,93.70309406688418,14.012749990371393,11.995853507132509,4.2209002162354805,102.88402070601614,17.13020091429292,0.25,0.030000000000000002,1.105,0.3115686120263079,1.355,0.3115686120263079,0.8081986982194083,0.039307060684795905,83.29568210407683,8.737882627763687,19.708121779811236,6.408144108252417,103.25250147717863,8.01309482692115,0.21600000000000003,0.023323807579381198,1.0559999999999998,0.4653428843336922,1.2720000000000002,0.4653428843336922,0.8105210777791763,0.06064977754824891,69.38776604515829,12.644758726934267,28.54295780588287,9.326926594092521,98.33276231367402,7.626293710741339,0.25600000000000006,0.014966629547095779,1.068,0.33456837866122374,1.324,0.33456837866122374,0.796221929632068,0.04325080042401319,78.49135511856562,8.831091192555208,20.51823911264759,2.5366047615304215,98.60537220359039,10.975043170366334,0.25999999999999995,0.04618802153517006,0.8366666666666668,0.1303414319734477,1.0966666666666667,0.1303414319734477,0.7616069437808569,0.04086216011026728,66.00591251593072,17.851036746903578,21.589194091237857,9.803211131606856,80.12862233443792,24.033104934340404,0.45428571428571424,0.08398250546685183,0.43714285714285717,0.12440880604044136,0.8914285714285715,0.12440880604044136,0.4856335624998463,0.06899776621477402,51.62131995753362,11.741320690460114,13.229224903422997,9.250391954495534,63.138564563326796,12.411898980864484,0.4714285714285714,0.14176727120063176,0.4114285714285714,0.22749747699879294,0.8828571428571428,0.22749747699879294,0.4548213679866341,0.08653046875504808,56.51708438705988,19.365347205406685,7.708930880399228,4.75776347170136,61.971826120105376,21.768725506941546,0.2640740740740741,0.06581451259856831,1.028148148148148,0.37185258964070234,1.2922222222222222,0.37885630358413214,0.7846064704927822,0.056836047294709396,80.36170746022759,13.497165408959155,21.18456378085423,8.920814092984227,99.47272265536643,12.003903428824808,74.34205077001869,5.876932189085636,0.0001460244876304206
Bear5,384.25284203304216,5.514040218387777,46.050969177843626,3.8870924585475173,0.295,0.03278719262151001,0.67,0.2104756517984919,0.965,0.2104756517984919,0.6827396903108461,0.06484816975768852,95.08337346928089,10.527860167253827,14.384940262765015,5.532776756447162,116.05043293389116,5.000701536428017,0.21333333333333335,0.0498887651569859,0.7066666666666667,0.04988876515698588,0.92,0.04988876515698588,0.7681159420289855,0.054226918648897705,102.77000165307363,4.646693472486171,18.336653697934164,5.986829809008898,114.60401134183188,1.7001718622761146,0.22000000000000003,0.0916515138991168,0.7649999999999999,0.08170067319184099,0.985,0.08170067319184099,0.7852732991052664,0.0705749808526778,106.29689145787675,12.567079668418122,15.163029763839715,8.091586888918076,127.0994315759184,6.451714485997589,0.385,0.09205976319760986,0.695,0.25860201081971496,1.08,0.25860201081971496,0.6356754658385093,0.026025969221840493,104.64677243728386,3.73118861213533,17.4654355368798,2.7139337698433827,119.74996327159619,6.653949688070007,0.26,0.12569805089976538,0.73,0.19519221295943134,0.99,0.19519221295943134,0.7504827235772358,0.04258406178593791,101.81320949412489,9.296692826238887,18.499140548998582,5.422457832791011,118.39840735497944,7.911203183103787,0.235,0.06689544080129826,0.705,0.1107925990308017,0.94,0.1107925990308017,0.7545718108831401,0.02580250067901723,108.77192250465583,18.938390233627267,10.930840881003459,7.118494759019183,114.11258291581898,27.965586803790536,0.4433333333333333,0.11220021786471221,0.2066666666666667,0.10873004286866726,0.65,0.10873004286866726,0.2954822954822955,0.11141134906572575,66.66099375289237,19.025723688649705,8.016127630714918,6.368512213075268,74.15340126795817,16.160927584553452,0.45999999999999996,0.1243650540411842,0.25333333333333335,0.06394442031083626,0.7133333333333334,0.06394442031083626,0.36419699545501855,0.08045488905027626,69.89236637707222,9.580559598118747,15.758241279600204,9.204908026368546,89.00528677274944,14.880228114868748,0.3576119402985075,0.11076517519750398,1.1647761194029849,0.3895667636109555,1.5223880597014925,0.45484486301338845,0.7584938643547294,0.06339597787476246,84.78648577369604,15.010333564878893,28.150274221782112,11.081952588725876,113.93582062298262,11.046305215863402,94.45456132562188,25.85770214181614,0.00019768832440281395
Bear4,439.46310815211484,3.981874342895452,42.184940250331664,2.2426694085279912,0.38000000000000006,0.04320493798938573,1.5066666666666666,0.3641733408999377,1.8866666666666667,0.3641733408999377,0.7887125220458554,0.056725455309706976,113.18899977303136,15.634987380254184,26.97230768282667,3.346583072766818,147.68276864819754,7.111071958781376,0.4133333333333334,0.10370899457402698,1.3666666666666665,0.4913473539383541,1.78,0.4913473539383541,0.7423087146771358,0.12369931424262892,122.23896689229502,13.254337897624543,44.09151951729834,8.97610197444863,160.709968891405,20.17977697903619,0.335,0.03278719262150999,1.355,0.44752094923031255,1.69,0.44752094923031255,0.7846300867324894,0.06996474496345144,109.99346910356638,10.703819624918303,25.962098249316355,12.719156988293088,128.9991409471311,19.31370889230369,0.395,0.016583123951776992,1.25,0.35057096285916206,1.645,0.35057096285916206,0.7485558716444702,0.056177477748721054,127.62277634023769,11.745215375192963,18.997580079480155,5.759672397258275,154.8458122428196,8.072913406043034,0.47,0.03,1.4500000000000002,0.08999999999999998,1.92,0.08999999999999998,0.7544802867383513,0.02329749103942652,117.73367085985609,3.3587938107418225,43.39621316970675,20.95378683029326,173.37848581905547,29.8664218662295,0.42,0.04320493798938575,1.32,0.31874754901018454,1.74,0.31874754901018454,0.7502857992817833,0.05601885381133092,110.0786834973908,2.251319497820113,49.02336381137803,19.493904191240677,152.96480337258106,16.273642161102472,0.6719999999999999,0.046647615158762396,0.45600000000000007,0.26027677575995906,1.128,0.26027677575995906,0.36883910846897666,0.16770753330327848,73.93459062287131,16.113296044832953,24.369964402750178,16.17140485575354,96.1489828285067,25.665913212732693,0.652,0.11426285485668558,0.336,0.09830564581955606,0.9880000000000001,0.09830564581955606,0.33508056898248795,0.037559380892935555,84.83398140492551,19.658257781114614,15.55283904549025,10.002759500511544,94.63199430979543,29.491416597899235,0.3408333333333333,0.06389553105569191,1.0629166666666667,0.35669757459537377,1.4037500000000003,0.37281935415604883,0.7447143584426076,0.06611775196867525,109.92447836461535,20.469725969519345,39.655144400047796,16.136686388827112,152.62810919382008,29.044005582487202,111.57678979738357,18.822809792221832,0.0003011370628033553
Bear22,389.3824231571847,5.602212619955395,45.93811886628353,2.2520512932002354,0.32,0.06324555320336758,1.308,0.37493466097441563,1.6280000000000001,0.37493466097441563,0.7974089448811482,0.03838200217423613,85.24881209335281,5.012837187883461,26.42794197105104,12.956210216523925,104.45699242296682,10.993235827009826,0.308,0.034871191548325374,1.0639999999999998,0.1856448221739567,1.372,0.1856448221739567,0.7730107283235598,0.0239898908502833,67.62961007507297,7.080243010913315,26.197309660327505,5.743297533726706,87.85416819186108,10.841800187984777,0.33999999999999997,0.05830951894845301,1.415,0.38765319552404054,1.755,0.38765319552404054,0.8019452260147293,0.022479031582292447,72.27294739262493,18.292206678880266,34.995633557447434,9.955965895525118,97.685781263535,11.514013806348938,0.36666666666666664,0.07542472332656507,1.0633333333333335,0.24695928589321944,1.43,0.24695928589321944,0.737411475038495,0.06557205436966947,67.64260763253775,2.7115738364551296,22.935108590029287,4.750215149186913,88.07237246887776,5.765171957822459,0.35000000000000003,0.05196152422706632,1.2200000000000002,0.12083045973594564,1.5699999999999998,0.12083045973594564,0.7779232873523079,0.01345890414358387,69.312418058958,6.19964336234225,30.360774470349753,5.064915948025077,96.47979784309486,10.030384247652291,0.505,0.13143439428094916,1.315,0.3983403067729902,1.8199999999999998,0.3983403067729902,0.7136271063497378,0.06477375153307438,70.48563209720078,20.71549945953657,43.32342862861953,8.013927368083008,113.43952717164845,19.06578873461139,0.56,0.1501110699893027,0.6633333333333334,0.32627527573439513,1.2233333333333334,0.32627527573439513,0.5201127941133442,0.08274906843855201,55.73068273623037,8.055805468954375,17.95698847587658,4.332039343915925,70.49351278743502,10.720699831994837,0.4942857142857143,0.062073031378286965,0.7114285714285714,0.30591448718455255,1.2057142857142857,0.30591448718455255,0.5656448969737699,0.100465940584194,58.26022316654655,8.054632882379481,18.995405095148506,6.398265355306898,74.38958548690819,7.2367563531290005,0.3328571428571429,0.06252183292128227,1.0745714285714283,0.32271918670786803,1.4074285714285715,0.3395992836703101,0.7552266017480624,0.055436194101074955,77.26976585461328,15.48530636909288,29.572648587489077,12.415137296554922,102.62382412588347,19.62815780766482,94.60007016175763,26.165405391420386,0.00019878501099420375
Bear23,316.5147000870429,3.027726673473495,33.90339406552641,0.9033940655264168,0.28,0.0282842712474619,0.7266666666666666,0.033993463423951875,1.0066666666666666,0.033993463423951875,0.7216993464052287,0.02955925257206408,94.02261965834553,6.295593108047719,29.795230871400918,4.544416059288335,118.44863638830408,7.6125250575170815,0.34,0.05887840577551896,0.6866666666666666,0.024944382578492918,1.0266666666666666,0.024944382578492918,0.6703703703703704,0.04497217551603125,99.31021127186942,6.475873465152423,27.221459981413688,5.908012904546925,128.2899527276144,10.221082581921596,0.3066666666666667,0.024944382578492946,0.7066666666666667,0.08379870059984354,1.0133333333333334,0.08379870059984354,0.6958994708994709,0.027186321007863595,87.66174403441147,4.962976208418495,35.30691378560136,5.248984562380879,119.97951142986479,9.365326318444346,0.27,0.05,0.77,0.04999999999999999,1.04,0.04999999999999999,0.7426278462112729,0.023329600597237765,102.09369650742147,2.3266678857370238,25.67772528469261,0.9277252846926061,123.74413010348596,0.3025143493165672,0.22,0.0,0.82,0.07118052168020875,1.04,0.07118052168020875,0.7875092493137607,0.013915692195360043,80.21440220535455,7.5496475969156425,43.53860476156788,5.962373303977127,118.58133749090894,3.318021385018278,0.30000000000000004,0.016329931618554512,0.7133333333333333,0.009428090415820642,1.0133333333333334,0.009428090415820642,0.7040522875816994,0.013829052188693569,92.04546105361402,0.23043313048739233,34.20481420847046,5.198382918179196,121.89331764601765,1.1933621608892702,0.68,0.09933109617167557,0.24666666666666667,0.01885618083164127,0.9266666666666667,0.01885618083164127,0.26812521499828,0.015238445989029204,99.37915383471386,14.293137622519318,15.78785870551466,3.346045052701033,122.43123313199641,7.112710719461693,0.7733333333333333,0.09843215373488932,0.24666666666666667,0.024944382578492953,1.0199999999999998,0.024944382578492953,0.24281486605941813,0.017656550602428652,101.14386959911398,11.79036227252708,19.69634463322737,8.757511523779767,133.22469103576304,10.098859619629723,0.2388888888888888,0.050098668078202215,0.7400000000000001,0.08675209464863613,0.9788888888888891,0.08022345336082089,0.7550905133407787,0.04951019694097824,75.84431871387284,15.151792594557156,32.75551488508922,9.462205236943028,107.43770744028183,13.922399471155368,118.71573850477527,3.9879388374453413,0.00042417722223685633
Bear19,364.8761055602853,1.059524025028594,35.28536470451739,4.86086799545086,0.34888888888888886,0.08385761006272537,0.7777777777777778,0.36116409867654276,1.1266666666666667,0.36116409867654276,0.671019782660468,0.09266447222241544,75.40966394562591,16.122269803218447,26.171871131498026,9.646924975154539,100.51434584110427,15.942514862307224,0.27199999999999996,0.027129319932501075,0.924,0.3721075113458474,1.1960000000000002,0.3721075113458474,0.7555214904143475,0.06223246328660846,68.79402678127992,6.4886346188193125,37.682789859108986,4.73157990889231,105.79451956316969,10.237462107285587,0.22399999999999998,0.03878143885933064,0.8,0.10198039027185571,1.024,0.10198039027185571,0.7785285424514634,0.048383813475886675,66.52745194901635,6.946555777600727,23.557773010830758,9.529340521262418,91.43015210415476,9.745706039642654,0.25200000000000006,0.016000000000000014,0.9040000000000001,0.27052541470257463,1.156,0.27052541470257463,0.771978021978022,0.04707351646286568,82.06831031840007,12.641041946089345,15.657410122876524,4.991744008264426,102.56912460252582,13.819503546493136,0.23199999999999998,0.04995998398718719,0.768,0.10399999999999998,1.0,0.10399999999999998,0.7701393762183236,0.028394208022935276,62.39519274133672,6.923216215852397,28.02249982371601,11.162392379317085,93.04404958295984,7.762076861492087,0.22888888888888884,0.029979416807182316,0.8577777777777778,0.22039246699053222,1.0866666666666664,0.22039246699053222,0.7850062954742758,0.031517177526011346,67.99894479324789,7.011669345086508,32.17878655904403,4.5668036510766825,100.01349069341283,5.533685870974955,0.4830769230769232,0.0646153846153846,0.44307692307692315,0.25113234682394414,0.9261538461538461,0.25113234682394414,0.44787554020290593,0.12828398472265057,61.1338114717222,14.623347333891152,16.72732747413171,11.567501566727163,80.30347266970414,22.570644828079452,0.47,0.1044030650891055,0.4366666666666667,0.22727858578307714,0.9066666666666668,0.22727858578307714,0.46274221041662905,0.13951868131514258,67.01686729753473,17.277861488755534,10.95096511875107,3.792935929843449,83.28151850881993,15.645524116023916,0.27095890410958906,0.0738781741280715,0.8268493150684931,0.24295485071476186,1.0978082191780822,0.245676290944904,0.747057824464142,0.06725716625120778,75.29774407409047,13.485988836085413,22.665497303800677,11.35657098662022,98.99584266581572,12.63863469445389,93.58983081818519,1.4066909438703306,0.0002533008447311959
Bear21,311.151914907117,2.9727259601668266,31.37611868757196,1.0412377746690709,0.3,0.0,0.72,0.0,1.02,0.0,0.7058823529411764,0.0,78.872761457933,0.0,21.450000000000003,0.0,93.4692596525724,0.0,0.21999999999999997,0.04000000000000001,0.79,0.010000000000000009,1.01,0.010000000000000009,0.7836084905660379,0.028891509433962292,61.5689330803678,5.250974132976953,35.48511067023395,1.1508347932040088,87.08112849952478,0.6330949764885077,0.24,0.0,0.8600000000000001,0.07999999999999996,1.1,0.07999999999999996,0.7806580259222333,0.015952143569292088,62.695638083741365,7.230108247635037,35.82070521980863,1.8050838084629284,93.18440108514173,0.28485856743068183,0.26,0.0282842712474619,0.7799999999999999,0.05887840577551899,1.04,0.05887840577551899,0.7499104520381116,0.02094757864117123,58.751838595704385,11.798260957628552,26.433489970771973,2.1408194611170677,87.65640315582807,7.8076876079242155,0.33999999999999997,0.07999999999999999,0.8,0.13999999999999996,1.1400000000000001,0.13999999999999996,0.7042838874680306,0.013107416879795442,74.63614513010782,1.5502709819524725,23.659173348019156,10.35644806332655,98.74032416448341,11.414941256648419,0.30000000000000004,0.04000000000000001,0.84,0.020000000000000018,1.1400000000000001,0.020000000000000018,0.7373768472906403,0.030480295566502447,78.19802030363675,3.055056561181125,22.213891381482412,3.4009968673466293,100.58482325350045,6.665176746499569,0.45999999999999996,0.043204937989385746,0.31333333333333335,0.03399346342395188,0.7733333333333333,0.03399346342395188,0.40488215488215484,0.011724232556552264,52.08562697535308,3.7583191168887913,16.46764312764399,8.894477490024908,62.53654037762268,3.634710111957972,0.53,0.030000000000000027,0.29,0.06999999999999999,0.8200000000000001,0.06999999999999999,0.35032796660703636,0.06827668455575431,71.24845410607625,6.983125195379763,5.53426824431198,1.8447560814373267,67.77373266273597,17.835671026344826,0.256875,0.08398055950635241,0.681875,0.1783507341588478,0.93875,0.20130434048971724,0.7220776808925711,0.09156094671586192,68.18930997004838,11.148628259057732,30.21887008436243,12.235232177994252,95.29883376419858,11.234893415544596,110.86653192893365,32.97554868656394,0.00039973817915143903
Bear27,319.81920674030823,0.0,32.87601709453261,0.0,0.2575,0.044087980221371004,0.7675000000000001,0.31605972536848165,1.025,0.31605972536848165,0.7170072112035348,0.113440956233793,73.49268279504423,9.861776619200612,21.016661011657433,4.777711002256042,92.81591800590975,7.671416533483914,0.25,0.027688746209726913,0.84,0.24138489320308895,1.09,0.24138489320308895,0.7586786331924159,0.05982692652446321,65.96651804520003,4.192522747976211,29.326813750008426,13.071266016431487,94.89057506077978,13.644909448658833,0.2571428571428572,0.03917516914514883,0.82,0.4148665878499807,1.077142857142857,0.4148665878499807,0.7306536984117197,0.09188113899056558,65.61742282252,11.023962568063272,31.163723841911203,7.244467979437517,96.36500817338181,13.939442488382202,0.21142857142857144,0.020995626366712955,0.9085714285714285,0.18542835130957658,1.1199999999999999,0.18542835130957658,0.8063963969264576,0.032971353497988715,61.63704502751057,13.459928687650462,29.46660682487123,9.176336614195439,93.07652731206511,13.190718840396773,0.22285714285714284,0.024907993963089563,0.8457142857142858,0.2021920687194758,1.0685714285714287,0.2021920687194758,0.7863408870301766,0.028437339418711058,56.40633628299766,16.17126680215638,42.19134728560622,35.591524873160424,98.77400096326126,43.399896537019,0.24571428571428572,0.04746642207381757,0.7485714285714286,0.20642733563643934,0.9942857142857144,0.20642733563643934,0.7430380246152993,0.06566145285890913,61.577295726185966,8.522378586059567,30.08331553853687,9.521096001299929,91.79930599057573,17.232069096975273,0.406,0.09425497334358543,0.398,0.15860643114325473,0.804,0.15860643114325473,0.47725313151749027,0.08950838635691383,56.37423477651298,16.45626486668818,17.34125576553283,7.460301500232716,74.6600733965355,15.24027875012592,0.52,0.09475113602367931,0.35111111111111115,0.1733618210208185,0.8711111111111111,0.1733618210208185,0.3841651092093184,0.11930817886618393,58.92388449568635,11.394882006366489,11.458955870902708,7.211610801249913,73.27932058880656,14.884595192443538,0.24000000000000002,0.0382473154987006,0.8342857142857144,0.29067690177324,1.0742857142857143,0.2983984461304402,0.7586247532960357,0.0823714509192352,64.83903427322146,13.107737309435006,30.395597607429448,19.06873852525049,95.12512998722612,22.378059051932375,90.09482188657246,0.0,0.000251938412679282
Bear25,343.03314106908795,5.847253908904435,37.75064770846022,0.34256034756992193,0.2733333333333334,0.14406788523316208,0.8400000000000002,0.5051732376126036,1.1133333333333333,0.5051732376126036,0.7181553242079558,0.15707054309103194,73.59198405117364,33.77732054814009,43.19370353276735,50.74151628719231,106.30641300274294,64.50176590210728,0.40666666666666673,0.2832352771499734,0.9066666666666667,0.20055478608655097,1.3133333333333335,0.20055478608655097,0.7057975672126614,0.13891561319165174,78.53609847757794,22.74159154325358,36.81851105951545,13.795778099126506,118.3766321804067,26.411133137839943,0.27,0.12041594578792295,1.1466666666666667,0.5524088662897758,1.4166666666666667,0.5524088662897758,0.8056688398641333,0.06010356577253256,90.5643677775605,19.279562729760265,25.916279395512916,7.40271654824855,114.96847198249408,11.371310391088436,0.3,0.08579044235810887,1.06,0.28340783334269365,1.36,0.28340783334269365,0.7793653916544744,0.028490360861510692,101.98201785026636,11.859322712025119,25.697712515280905,13.1627152017346,123.45591780884554,15.077694053653511,0.316,0.05571355310873647,0.9559999999999998,0.4406177481672748,1.272,0.4406177481672748,0.7308016856250649,0.05905928361332952,72.34280042207628,14.766625446988257,46.450850971976834,11.174186501898008,120.90949349443288,6.654275536802806,0.30666666666666664,0.08137703743822469,0.9066666666666667,0.41819718900165853,1.2133333333333332,0.41819718900165853,0.7288000746071338,0.0780690221086695,78.71104141214211,13.185625120412427,24.120167094666183,11.167197021875399,104.19610755663689,16.097784631611887,0.6366666666666667,0.23278507015891053,0.6666666666666666,0.3234535858855521,1.303333333333333,0.3234535858855521,0.5025179785699475,0.0511769717019191,72.49524718047658,20.514668806529688,29.71400221631563,11.112856171515508,106.84232665676808,15.247286137817012,0.7360000000000001,0.20606794995826017,0.41200000000000003,0.25755776051208396,1.1480000000000001,0.25755776051208396,0.33738846323006355,0.09520656220152961,88.46981534665743,11.88716839824939,16.506483247544327,3.5852490566958544,106.99344970001592,13.178210094324896,0.34199999999999997,0.13583813897429542,1.0744,0.36821819618264384,1.4164,0.42818108318794285,0.7513606016570762,0.08779839339530397,84.44396300506142,20.569882401215143,30.539628736231812,21.57414486493322,114.55542879042235,27.586091240072523,75.01228612934331,10.352212300122346,0.00015209478382305174
Bear13,366.88649844645283,4.964348668354802,35.02608268164214,1.0104612702964317,0.36666666666666664,0.024944382578492946,0.8066666666666666,0.11115554667022044,1.1733333333333333,0.11115554667022044,0.6846704369150692,0.03809536119190736,100.40140449544153,14.449670423325703,24.617224694483358,6.190092757085207,124.4604011450911,15.113439277775603,0.305,0.05722761571129799,0.9500000000000001,0.14456832294800956,1.255,0.14456832294800956,0.753112443890845,0.05787075138970347,83.38374110519604,13.394815948778213,32.07628236412087,9.70275011000432,110.67636851227797,11.8388482520237,0.29500000000000004,0.03570714214271426,0.975,0.09313968005098583,1.27,0.09313968005098583,0.767533764505362,0.02185014140851777,76.41385071001332,6.548638764491163,41.99775249511474,8.106095568094688,121.93050657217472,6.841532507622532,0.31500000000000006,0.025980762113533163,0.9550000000000001,0.1071214264281427,1.27,0.1071214264281427,0.7499837071077975,0.032395922734488825,83.3203421678545,8.499519458866368,29.05330845185798,13.24694372303279,106.34036234130483,21.709541960161214,0.325,0.06224949798994365,0.95,0.13453624047073706,1.275,0.13453624047073706,0.7440021587619863,0.044721047297147466,79.42199403603236,7.528030176642657,39.44922326499814,3.9143209868801327,117.00969783310092,11.557924251630219,0.345,0.03570714214271426,0.9,0.13038404810405296,1.245,0.13038404810405296,0.7190389210550501,0.05208849426799652,83.92211545548948,11.380017024393954,29.66876176972914,11.243173486656637,114.60554629610093,20.130620536194762,0.7949999999999999,0.13219304066402285,0.495,0.1818653347947321,1.29,0.1818653347947321,0.378470457349545,0.11992642115146258,100.79963583422477,25.61105065567735,15.720265803727159,4.73294232588636,116.08919670955702,25.55530096339656,0.52,0.2517935662402834,0.49500000000000005,0.17628102563804196,1.0150000000000001,0.17628102563804196,0.5169001914903555,0.17005055786933843,75.38079508391553,28.607430984216975,17.75976919886375,5.256005898311989,111.92340187072318,20.807035797647845,0.3368,0.0683941517967728,0.9368000000000001,0.12951355141451415,1.2736,0.1287130141050236,0.7341045952665443,0.051467736251102174,82.58411746521593,14.637590050668155,31.29224526327439,11.45162811058242,113.45183666465527,15.340803675700256,86.3446976353282,7.2569320045089185,0.00021719693972817279
Bear12,379.21547008930577,7.057247689208879,42.9100421920713,1.3641037624245378,0.34500000000000003,0.07664854858377945,0.75,0.07681145747868608,1.0950000000000002,0.07681145747868608,0.6877397486772486,0.03987912461015346,90.43157519169185,14.49664472729417,28.33792827693748,7.657223450516995,116.6693585993224,11.553468700901824,0.27,0.030000000000000002,0.855,0.0455521678957215,1.125,0.0455521678957215,0.7605142538720832,0.014434107878983013,90.31450388093921,7.906825452722213,34.509611483167525,6.5619997166132515,121.99208892226862,9.46775397765005,0.28,0.02828427124746191,0.8400000000000001,0.044721359549995794,1.12,0.044721359549995794,0.749768875192604,0.026776806158679133,87.14335335996664,6.318699643122178,33.36680758882632,3.2199419762229398,116.19634319099042,8.206694160353402,0.32,0.014142135623730963,0.835,0.0864580823289529,1.155,0.0864580823289529,0.7215303215303215,0.022939186405032577,95.588989398139,2.36235705228326,34.02107342041374,7.49139094713508,126.26709569216386,11.323368335700094,0.295,0.051720402163943,0.835,0.025980762113533142,1.13,0.025980762113533142,0.7399708074328949,0.03895537300744962,80.519583633993,4.152833539694054,37.136584989717136,4.93181561917273,117.3635804679989,2.952432860991373,0.33,0.06403124237432847,0.805,0.04555216789572149,1.135,0.04555216789572149,0.7103104984683932,0.048393351238421645,91.81478454200507,14.767077893245853,30.036092453797824,8.593567367915929,128.49732412678213,14.276099579105045,0.516,0.16560193235587561,0.43600000000000005,0.16847551750922152,0.9519999999999997,0.16847551750922152,0.45489765049525205,0.1647963473241949,72.12668389195865,17.380793156512595,25.344759453084706,12.353670234601276,104.73105347938835,7.435163056584412,0.67,0.09949874371066196,0.28500000000000003,0.03840572873934304,0.955,0.03840572873934304,0.3019279827315542,0.054626012177962605,84.97174435332292,19.796784121506608,19.142026265140693,2.2812453758120443,105.86361126891902,18.796580383229436,0.29774193548387096,0.06863694469379493,0.8412903225806452,0.1783027858860726,1.139032258064516,0.18680427636725744,0.7359357012472165,0.05774311590517838,89.91344555613992,18.840674560654232,30.87715955451221,8.798781629735792,120.24344927965761,14.54527350971811,97.47333911132367,9.694933064630384,0.00022593664231806667
Bear11,357.3094735785006,9.124285783269983,41.28385164644603,6.594588177758773,0.345,0.021794494717703363,1.355,0.4519679192155125,1.7000000000000002,0.4519679192155125,0.7844995282495283,0.046761482356326385,73.05949312919637,7.812039663551844,30.036188209503226,6.521878398383358,101.76522414074309,11.201078322390307,0.33999999999999997,0.04732863826479691,1.3359999999999999,0.32702293497551516,1.6759999999999997,0.32702293497551516,0.7899008102386751,0.04771894980150292,73.18319355701308,14.773851251341307,24.38662696482905,9.443750593819855,99.72120642897444,14.342436625269466,0.32999999999999996,0.0223606797749979,1.44,0.2870540018881465,1.77,0.2870540018881465,0.8069557735117507,0.044399303713064414,70.11554538186097,11.189265874229424,30.002625659721833,8.0603165894772,103.71660215401148,14.005876003538726,0.42500000000000004,0.07533259586659681,1.43,0.5824946351684279,1.855,0.5824946351684279,0.7574682332258675,0.04870184237941118,75.63270391059065,14.206062937102839,27.092973975408942,10.288926628556252,102.43912497452985,20.478450245383748,0.376,0.04270831300812524,1.3119999999999998,0.22999130418344088,1.6880000000000002,0.22999130418344088,0.772116414838352,0.04635025074663738,68.59386521469374,8.536343181270857,23.789640302602834,4.213907245392939,90.2392547156119,10.788763060282374,0.395,0.035707142142714254,1.52,0.6624198064671678,1.915,0.6624198064671678,0.7703658219621047,0.07364498396183114,75.16000467803254,12.27107663565543,30.34528677317264,9.445161229641023,95.32842043428873,6.405837767496527,0.562857142857143,0.08378787599208674,0.7171428571428571,0.2707510340681631,1.2799999999999998,0.2707510340681631,0.5471515002305128,0.08460827484608663,54.00955139666198,13.079037238045693,16.082941321769002,7.9850350127485985,69.9775008717197,11.640281674545328,0.5933333333333333,0.13299958228840003,0.7233333333333333,0.5227385154697859,1.3166666666666667,0.5227385154697859,0.5014613363607897,0.13663518250257364,52.94637789712311,9.851450023983057,19.90609386431136,11.225581368696494,68.96515599375577,16.36237326175309,0.3686153846153846,0.06600412395220638,1.292,0.3636363356643347,1.6606153846153846,0.37478969250696775,0.7700621547954649,0.05243298696035305,71.86338185914896,13.047854291503068,26.03174007501253,8.114327843961854,96.64882921008791,15.069353288251081,63.05591140141597,1.5560916277903907,9.827551540930913e-05
Bear10,377.97967207245426,0.0,41.25,0.0,0.11,0.009999999999999995,0.6499999999999999,0.07,0.76,0.07,0.8533101045296168,0.024738675958188183,77.55150271369132,6.582319260589642,19.643531042287076,4.885482390788462,110.64231220468959,14.431605939742113,0.18000000000000002,0.1,0.69,0.29,0.8700000000000001,0.29,0.7563817980022197,0.16814650388457264,96.86227264802861,8.85367931760431,41.63898414447836,0.6538343948434253,119.69669250289405,27.458888431027724,0.11333333333333333,0.009428090415820628,0.6733333333333332,0.0524933858267454,0.7866666666666666,0.0524933858267454,0.8559814169570267,0.001642524462686534,83.1860411739554,15.990154902470342,16.076882395626374,5.320136505504232,105.58852180057174,1.8252572339781583,0.21000000000000002,0.05,0.73,0.10999999999999999,0.9400000000000001,0.10999999999999999,0.7792540792540792,0.015617715617715633,86.83958300408774,9.272031798702884,23.350104482998866,13.729033856504122,112.70991761510741,19.72249911131196,0.26,0.0,0.72,0.15999999999999998,0.98,0.15999999999999998,0.7274283269148482,0.04450149764655542,75.43440187021794,17.098092422327756,26.775131854296486,0.6863411579073571,112.62935441898131,6.399591640370154,0.18,0.039999999999999994,0.72,0.12,0.8999999999999999,0.12,0.7944250871080138,0.06271777003484319,74.98765703610216,4.828694672053473,24.969987174270642,1.6354633951145718,96.6970833265778,0.3167430076102633,0.78,0.0,0.34,0.0,1.12,0.0,0.30357142857142855,0.0,121.36195861965973,0.0,14.758048651498614,0.0,80.71519373699105,0.0,0.24666666666666667,0.024944382578492953,0.48,0.08164965809277258,0.7266666666666667,0.08164965809277258,0.658139534883721,0.01782383913279637,62.57160364687345,3.529081616876345,23.849768820536145,13.207233896883256,87.62819296947441,8.062090107692583,0.25333333333333335,0.09741092797468304,1.1227777777777777,0.6053860619064643,1.376111111111111,0.6604849976333795,0.796615506640221,0.09025064543134484,82.35778817880686,14.82709854606701,25.006459139344116,12.641825473890757,104.09552423417512,18.43251093617652,102.19202190186246,34.11272644452874,0.00025833541967571394
Bear18,399.35858950590443,5.298654343751679,38.869253587101596,4.062465456048766,0.23333333333333336,0.06599663291074444,1.22,0.5678027826631357,1.4533333333333334,0.5678027826631357,0.8135141418055017,0.06492252866117629,78.81079715432054,15.675482509337396,23.327789472227153,8.378050986921012,93.70019728027381,8.540230069369942,0.21000000000000002,0.05,1.06,0.4487761134463375,1.27,0.4487761134463375,0.8045336184574206,0.1076995235343335,78.27712346418454,23.12248780241457,22.601397553766553,9.38758907369701,102.85942225230592,25.633142685239296,0.18,0.07071067811865475,1.0350000000000001,0.686494719571826,1.215,0.686494719571826,0.6410654827968923,0.3710970702981146,68.64876023895158,39.9592475861964,21.514515118510626,17.303919764474692,87.25125649498132,46.53038781320206,0.3333333333333333,0.018856180831641256,1.4733333333333334,0.6145639827462139,1.8066666666666666,0.6145639827462139,0.7935576967835032,0.06904565424020112,94.30189908592577,17.60992131691327,26.063760473426516,13.654134538074889,129.17028827049643,14.301018429358594,0.29,0.06999999999999999,1.73,0.4700000000000001,2.02,0.4700000000000001,0.8553631756756757,0.004011824324324342,104.16849902630182,4.893879913459081,89.06346855676354,71.29242469321967,183.98758017267915,69.8390585002545,0.43000000000000005,0.03,1.8699999999999999,0.42999999999999994,2.3,0.42999999999999994,0.8048732943469785,0.04697855750487323,84.55710628043678,5.288386093972306,52.93557189257088,3.1886875680224627,140.0355625018832,0.4568750170096223,0.44333333333333336,0.06046119049072352,0.47000000000000003,0.17578395831246946,0.9133333333333334,0.17578395831246946,0.49513680137740285,0.11860086334580426,52.93208278708007,12.713609315285023,13.142678280299792,9.19490389403479,70.17223963340429,6.020945509808542,0.41600000000000004,0.09156418513807678,0.632,0.4031079259950119,1.0479999999999998,0.4031079259950119,0.5515145794350886,0.1555542749492278,62.714995614663735,11.155416848002973,16.53773431794763,12.731981135274168,77.98332586276955,19.074784071676884,0.21857142857142856,0.07069624589519213,1.4121428571428571,0.7744738174254512,1.6307142857142856,0.7918059311807795,0.813087447065311,0.17182684220432617,74.93441413402876,26.26503154312407,32.38125679598267,28.155626393286667,109.44680275739104,42.343466460589006,78.44385053260129,4.601644525724559,0.00016154202789763058
Bear16,305.7624077613205,0.0,34.33427587702994,0.0,0.3466666666666667,0.12202003478482082,1.3266666666666664,0.5038077234642421,1.6733333333333331,0.5038077234642421,0.7859858391806216,0.05608683726043119,72.16872392961356,11.698302713266775,18.271975421989385,2.3537022280262963,90.36638205792356,10.653320785623139,0.36333333333333334,0.1358512258154322,1.2266666666666666,0.33479678745305913,1.59,0.33479678745305913,0.7655825955732517,0.08076052147588461,65.07824548782646,15.006147547795042,19.884007282691517,6.956561965645879,83.51241103158846,16.41164841480049,0.34,0.08246211251235322,1.37,0.6005275458572515,1.71,0.6005275458572515,0.7815759078471554,0.0711147443691018,69.13734365184341,5.700895786357412,26.454509938897655,5.2890361969611615,92.43900445132685,6.39436908909531,0.304,0.055713553108736484,1.352,0.3881443030626625,1.656,0.3881443030626625,0.8009579745122777,0.07979124808083052,57.999830107250276,7.557328068180303,25.878176830228835,3.13942095670645,85.20840126733864,6.1134836853761945,0.2833333333333333,0.04068851871911234,1.2699999999999998,0.43722610474063267,1.5533333333333335,0.43722610474063267,0.7946238775731862,0.09583810644704796,62.5533705858154,7.898074344651656,21.299973210714352,9.903087459113502,81.97903302799604,15.387881393965058,0.2666666666666666,0.09498537899183337,1.23,0.15864005379054388,1.4966666666666664,0.15864005379054388,0.8249616867332685,0.05007672708317258,57.75815717499929,11.877774612614903,20.31311138065898,3.7889650350646797,75.64509761694394,10.542462019654161,0.4488888888888889,0.023306863292670024,0.6466666666666667,0.23925811259901814,1.0955555555555554,0.23925811259901814,0.5720143101639562,0.08204328243449387,43.665851291446685,10.519787592592568,15.143331674846792,10.874373811194,60.15853386685363,9.676124246624324,0.4820000000000001,0.10409610943738483,0.5980000000000001,0.20365657367244494,1.0799999999999998,0.20365657367244494,0.5381656447522261,0.10929136696710105,42.89302719105598,5.248901636279032,15.394537738942333,6.443598203199852,57.83596351606339,8.623568968340617,0.3282758620689656,0.10027785417553539,1.307586206896552,0.46766960908105437,1.6358620689655172,0.47655022705488687,0.785220661848506,0.07866574033894738,65.64225008506361,11.30624653306836,22.236333768169025,7.034357446740767,86.75251688792078,12.640848183642975,67.05767208215276,0.0,0.0001336420033956267
Bear15,420.91458694463165,10.319786685300556,41.21316266023504,2.0973730095070344,0.32,0.016329931618554536,0.8266666666666667,0.09843215373488932,1.1466666666666665,0.09843215373488932,0.7186502581239423,0.03244286284988663,108.4367404281429,3.8040538008235725,38.90798096143572,4.246059055707538,148.46888913014433,6.1132201384307825,0.29000000000000004,0.09,0.89,0.10999999999999999,1.18,0.10999999999999999,0.7528735632183909,0.08045977011494249,91.29941613006295,13.731864924678085,44.46142499925152,6.36821694322138,127.5766893821581,16.43721619643528,0.3066666666666667,0.024944382578492946,0.8533333333333334,0.07363574011458171,1.1600000000000001,0.07363574011458171,0.7342600681775355,0.03287719304526002,108.39967371068292,6.23243446956959,36.55135671857377,2.488136256633022,148.03888371449253,3.391741229363535,0.33999999999999997,0.04000000000000001,1.1,0.05999999999999994,1.44,0.05999999999999994,0.764683078115914,0.011436324869160741,107.96246769097505,18.238265270446377,35.34066959259817,9.725781343769128,152.13792103915668,17.483363002675787,0.3666666666666667,0.024944382578492946,0.8266666666666667,0.10873004286866726,1.1933333333333334,0.10873004286866726,0.6904583938362414,0.03356788184672816,105.08434493405605,15.528536627136821,22.6842196257288,3.925070696395214,137.35816328046272,6.292056914693681,0.32,0.016329931618554536,1.1199999999999999,0.058878405775518936,1.4400000000000002,0.058878405775518936,0.7774244833068362,0.014234632770072395,79.8241106469893,6.64352010738365,48.75927971989813,10.828210433711156,140.9979595512094,20.009632740146134,0.6733333333333333,0.118133634311129,0.45333333333333337,0.08993825042154695,1.1266666666666667,0.08993825042154695,0.40205666397570455,0.057424597533225576,103.77183943679103,11.697557005839407,23.392959733953614,2.6929416788384137,147.02119359009518,14.897688926265312,0.7266666666666666,0.033993463423951875,0.32,0.1818424226264781,1.0466666666666666,0.1818424226264781,0.2833333333333334,0.1150565135701773,89.56503958402338,27.78090503047597,14.005206599609464,3.6724226475523767,112.33428013323505,34.436891656301825,0.3265454545454546,0.04884923677893339,1.0767272727272728,0.2012962949164923,1.4032727272727274,0.2041661938488931,0.7633182556227979,0.0449267743254872,103.76070308573614,14.103439125039849,38.075584352513744,11.379713362585678,141.03772958641844,17.432514301455335,105.73784269575107,4.211895558453847,0.00027682089737769016
