Track,Slice,X,Y,Distance,Velocity,Pixel Value
0,29,,,,,
0,336,,,,,
1,116,1077,1062,143.297,71.649,88
1,116,1689,807,85.527,42.764,132
1,150,912,1059,93.405,46.702,142
1,150,978,1026,9.519,4.759,139
2,16,1572,837,-1,-1,99
2,17,1575,837,0.387,0.193,103
2,18,1575,837,0,0,110
2,19,1575,837,0,0,113
2,20,1575,837,0,0,119
2,21,1575,837,0,0,113
2,22,1575,837,0,0,124
2,23,1575,837,0,0,159
2,24,1575,837,0,0,159
2,25,1566,840,1.224,0.612,127
2,26,1566,840,0,0,101
2,27,1566,840,0,0,106
2,28,1542,843,3.12,1.56,113
2,29,1542,843,0,0,114
2,30,1542,843,0,0,116
2,31,1542,843,0,0,116
2,32,1542,843,0,0,93
2,33,1542,843,0,0,92
2,34,1542,843,0,0,85
2,35,1542,843,0,0,109
2,36,1542,843,0,0,103
2,37,1542,843,0,0,106
2,38,1542,843,0,0,106
2,39,1542,843,0,0,105
2,40,1542,843,0,0,108
2,41,1542,843,0,0,115
2,53,1476,885,10.092,5.046,125
2,54,1476,885,0,0,137
2,55,1476,885,0,0,99
2,56,1476,885,0,0,76
2,57,1476,885,0,0,86
2,58,1476,885,0,0,102
2,59,1476,885,0,0,121
2,60,1476,885,0,0,121
2,61,1458,897,2.791,1.395,123
2,62,1458,897,0,0,99
2,63,1458,897,0,0,87
2,64,1449,927,4.04,2.02,127
2,65,1449,927,0,0,135
2,66,1449,927,0,0,117
2,67,1449,927,0,0,117
2,68,1449,927,0,0,119
2,69,1449,927,0,0,123
2,70,1455,936,1.395,0.698,116
2,71,1455,936,0,0,125
2,72,1455,936,0,0,121
2,73,1455,936,0,0,182
2,74,1455,936,0,0,182
2,75,1455,936,0,0,130
2,76,1443,933,1.596,0.798,117
2,77,1443,933,0,0,85
2,78,1443,933,0,0,90
2,79,1401,939,5.473,2.737,126
2,80,1401,939,0,0,121
2,81,1401,939,0,0,121
2,82,1401,939,0,0,113
2,83,1401,939,0,0,116
2,84,1401,939,0,0,127
2,85,1401,939,0,0,123
2,86,1401,939,0,0,103
2,87,1389,960,3.12,1.56,98
2,88,1389,960,0,0,98
2,89,1389,960,0,0,106
2,90,1389,960,0,0,119
2,91,1389,960,0,0,102
2,92,1389,960,0,0,88
2,104,1278,1014,15.924,7.962,113
2,105,1278,1014,0,0,129
2,106,1278,1014,0,0,126
2,107,1278,1014,0,0,133
2,108,1278,1014,0,0,119
2,109,1278,1014,0,0,116
2,110,1278,1014,0,0,116
2,111,1251,1056,6.441,3.22,102
2,112,1251,1056,0,0,100
2,113,1251,1056,0,0,83
2,114,1251,1056,0,0,87
2,115,1251,1056,0,0,101
2,116,1248,1041,1.973,0.987,111
2,117,1248,1041,0,0,111
2,118,1248,1041,0,0,137
2,119,1248,1041,0,0,125
2,120,1248,1041,0,0,109
2,121,1248,1041,0,0,108
2,122,1218,1047,3.947,1.973,108
2,123,1218,1047,0,0,103
2,124,1218,1047,0,0,103
2,125,1182,1062,5.031,2.516,104
2,126,1182,1062,0,0,109
2,139,1053,1116,18.04,9.02,101
2,140,1053,1116,0,0,87
2,141,1053,1116,0,0,114
2,142,1053,1116,0,0,109
2,143,1053,1116,0,0,127
2,144,1053,1116,0,0,81
2,145,1053,1116,0,0,89
2,146,1053,1116,0,0,89
2,147,1053,1116,0,0,87
2,148,1047,1137,2.817,1.409,114
2,149,1047,1140,0.387,0.193,85
2,150,1047,1140,0,0,98
2,151,1047,1140,0,0,87
2,152,1047,1140,0,0,139
2,153,1047,1140,0,0,139
2,154,1017,1149,4.04,2.02,118
2,155,1017,1149,0,0,108
2,156,1017,1149,0,0,162
2,157,1017,1149,0,0,128
2,158,1017,1149,0,0,108
2,159,1005,1131,2.791,1.395,114
2,160,1005,1131,0,0,114
2,161,1005,1131,0,0,104
2,162,1005,1131,0,0,103
2,163,1005,1131,0,0,111
2,176,948,1209,12.462,6.231,112
2,177,948,1209,0,0,120
2,178,948,1209,0,0,108
2,179,948,1209,0,0,114
2,180,948,1209,0,0,144
2,181,948,1209,0,0,137
2,182,948,1209,0,0,137
2,183,948,1209,0,0,121
2,184,948,1209,0,0,122
2,185,948,1209,0,0,117
2,186,948,1209,0,0,123
2,187,948,1209,0,0,99
2,188,960,1224,2.478,1.239,130
2,189,963,1233,1.224,0.612,119
2,190,963,1233,0,0,119
2,191,963,1233,0,0,123
2,192,963,1233,0,0,119
2,193,963,1233,0,0,103
2,194,963,1233,0,0,104
2,195,975,1254,3.12,1.56,125
2,196,975,1254,0,0,125
2,197,975,1254,0,0,118
2,198,975,1254,0,0,130
2,199,975,1254,0,0,119
2,200,975,1254,0,0,136
2,201,981,1266,1.731,0.865,128
2,202,981,1266,0,0,109
2,203,981,1266,0,0,139
2,204,960,1266,2.709,1.355,102
2,205,960,1266,0,0,114
2,206,960,1266,0,0,127
2,207,960,1266,0,0,144
2,208,960,1266,0,0,103
2,209,960,1266,0,0,101
2,210,945,1287,3.329,1.665,114
2,211,945,1287,0,0,114
2,212,945,1287,0,0,98
2,213,945,1287,0,0,115
2,214,885,1290,7.75,3.875,112
2,215,885,1290,0,0,92
2,216,885,1290,0,0,108
2,217,885,1290,0,0,121
2,218,882,1305,1.973,0.987,111
2,219,882,1305,0,0,116
2,220,882,1305,0,0,135
2,221,882,1305,0,0,118
2,222,882,1305,0,0,123
2,235,741,1416,23.149,11.574,135
2,236,741,1416,0,0,142
2,237,741,1416,0,0,139
2,238,741,1416,0,0,110
2,239,741,1416,0,0,110
2,240,741,1416,0,0,106
2,241,741,1416,0,0,110
2,242,741,1416,0,0,111
2,243,738,1404,1.596,0.798,136
2,244,738,1404,0,0,116
2,245,738,1404,0,0,117
2,246,738,1404,0,0,135
2,247,732,1413,1.395,0.698,101
2,248,732,1413,0,0,109
2,249,732,1413,0,0,97
2,250,732,1413,0,0,108
2,251,732,1413,0,0,128
2,252,732,1413,0,0,99
2,253,720,1422,1.935,0.967,91
2,254,720,1422,0,0,91
2,255,693,1452,5.207,2.603,97
2,256,693,1452,0,0,111
2,257,693,1452,0,0,108
2,273,495,1500,26.282,13.141,98
2,274,495,1500,0,0,112
2,275,495,1500,0,0,112
2,276,495,1500,0,0,121
2,277,495,1500,0,0,116
2,278,495,1500,0,0,112
2,279,495,1500,0,0,129
2,280,495,1500,0,0,121
2,281,495,1500,0,0,116
2,282,495,1500,0,0,116
2,283,486,1521,2.947,1.474,124
2,284,486,1521,0,0,121
2,285,486,1521,0,0,132
2,286,486,1521,0,0,127
2,287,486,1521,0,0,109
2,288,486,1521,0,0,135
2,289,486,1521,0,0,131
2,290,486,1521,0,0,131
2,291,486,1521,0,0,117
2,292,486,1521,0,0,88
2,293,486,1521,0,0,89
2,294,462,1509,3.461,1.731,104
2,295,462,1509,0,0,116
2,296,462,1509,0,0,104
2,297,462,1509,0,0,104
2,298,432,1500,4.04,2.02,108
2,299,432,1500,0,0,132
2,300,432,1500,0,0,141
2,301,432,1500,0,0,121
2,302,432,1500,0,0,124
2,303,432,1500,0,0,113
2,317,219,1521,27.61,13.805,89
2,318,219,1521,0,0,89
2,319,219,1521,0,0,87
2,320,219,1521,0,0,83
2,321,219,1521,0,0,76
2,322,219,1521,0,0,79
2,323,219,1521,0,0,99
2,324,219,1521,0,0,117
2,325,219,1521,0,0,117
2,326,219,1521,0,0,132
2,327,219,1521,0,0,96
2,328,219,1521,0,0,86
2,329,219,1521,0,0,87
2,330,219,1521,0,0,95
2,331,219,1521,0,0,123
2,332,219,1521,0,0,92
2,333,219,1521,0,0,92
2,334,219,1521,0,0,85
2,335,219,1521,0,0,147
2,336,219,1521,0,0,115
2,337,198,1521,2.709,1.355,123
2,338,192,1521,0.774,0.387,121
2,339,192,1521,0,0,115
3,19,1662,711,-1,-1,121
3,20,1644,714,2.354,1.177,120
3,35,1470,732,22.566,11.283,75
3,36,1470,732,0,0,85
3,37,1470,732,0,0,80
3,38,1470,732,0,0,80
3,39,1470,732,0,0,92
3,40,1470,732,0,0,103
3,41,1470,732,0,0,109
3,42,1470,732,0,0,109
3,43,1470,732,0,0,114
3,44,1470,732,0,0,111
3,45,1470,732,0,0,114
3,46,1470,732,0,0,114
3,47,1470,732,0,0,130
3,48,1470,732,0,0,128
3,49,1470,732,0,0,115
3,50,1470,732,0,0,117
3,51,1470,732,0,0,101
3,52,1470,732,0,0,94
3,53,1452,735,2.354,1.177,157
3,54,1452,735,0,0,144
3,55,1452,735,0,0,130
3,56,1452,735,0,0,123
3,57,1452,735,0,0,103
3,58,1452,735,0,0,87
3,59,1452,735,0,0,80
3,60,1452,735,0,0,80
3,61,1434,762,4.186,2.093,89
3,62,1434,762,0,0,86
3,63,1434,762,0,0,97
3,64,1434,762,0,0,109
3,76,1305,879,22.466,11.233,145
3,77,1305,879,0,0,144
3,78,1305,879,0,0,114
3,79,1305,879,0,0,97
3,80,1305,879,0,0,113
3,81,1305,879,0,0,113
3,82,1305,879,0,0,119
3,83,1305,879,0,0,110
3,84,1305,879,0,0,108
3,85,1305,879,0,0,139
3,86,1305,879,0,0,139
3,87,1305,879,0,0,134
3,88,1305,879,0,0,134
3,89,1305,879,0,0,132
3,90,1305,879,0,0,144
3,91,1305,879,0,0,135
3,92,1305,879,0,0,130
3,93,1305,879,0,0,121
3,94,1305,879,0,0,97
3,95,1305,879,0,0,101
3,96,1305,879,0,0,101
3,97,1305,879,0,0,116
3,98,1305,879,0,0,132
3,99,1305,879,0,0,116
3,100,1305,879,0,0,97
3,101,1305,879,0,0,109
3,102,1305,879,0,0,97
3,103,1305,879,0,0,97
3,120,1125,954,25.155,12.578,141
3,121,1125,954,0,0,119
3,122,1125,954,0,0,100
3,123,1125,954,0,0,152
3,124,1125,954,0,0,152
3,125,1125,954,0,0,106
3,126,1125,954,0,0,99
3,127,1125,954,0,0,91
3,128,1125,954,0,0,113
3,129,1098,954,3.483,1.742,116
3,130,1098,954,0,0,114
3,131,1098,954,0,0,106
3,132,1098,954,0,0,106
3,133,1098,954,0,0,107
3,134,1098,954,0,0,108
3,135,1098,954,0,0,111
3,136,1098,954,0,0,113
3,137,1098,954,0,0,127
3,152,936,1038,23.54,11.77,114
3,153,936,1038,0,0,114
3,154,936,1038,0,0,99
3,155,936,1038,0,0,117
3,156,936,1038,0,0,132
3,157,936,1038,0,0,106
3,158,936,1038,0,0,110
3,159,936,1038,0,0,125
3,160,936,1038,0,0,125
3,161,936,1038,0,0,132
3,162,936,1038,0,0,130
3,163,936,1038,0,0,120
3,164,927,1038,1.161,0.581,123
3,165,927,1038,0,0,104
3,166,927,1038,0,0,122
3,167,927,1038,0,0,146
3,168,927,1038,0,0,146
3,169,927,1038,0,0,113
3,170,927,1050,1.548,0.774,113
3,171,927,1050,0,0,99
3,172,927,1050,0,0,138
3,173,903,1086,5.581,2.791,112
3,174,903,1083,0.387,0.193,119
3,175,903,1083,0,0,119
3,176,906,1083,0.387,0.193,92
3,177,906,1083,0,0,81
3,178,906,1068,1.935,0.967,114
3,179,906,1068,0,0,159
3,180,906,1068,0,0,121
3,198,843,1230,22.423,11.211,114
3,199,843,1230,0,0,129
3,200,843,1230,0,0,115
3,201,843,1230,0,0,113
3,202,843,1230,0,0,146
3,203,843,1230,0,0,123
3,204,849,1218,1.731,0.865,81
3,205,849,1218,0,0,101
3,206,849,1218,0,0,105
3,207,849,1218,0,0,116
3,208,849,1218,0,0,137
3,209,849,1218,0,0,152
3,210,849,1218,0,0,158
3,211,849,1218,0,0,158
3,212,849,1218,0,0,157
3,213,849,1218,0,0,79
3,214,849,1218,0,0,92
3,215,801,1215,6.204,3.102,137
3,216,801,1215,0,0,129
3,217,801,1215,0,0,128
3,218,801,1215,0,0,128
3,219,801,1215,0,0,125
3,220,801,1215,0,0,123
3,221,801,1215,0,0,125
3,222,801,1215,0,0,118
3,223,801,1215,0,0,116
3,224,801,1215,0,0,103
3,225,801,1224,1.161,0.581,104
3,226,801,1224,0,0,101
3,227,801,1224,0,0,84
3,228,777,1227,3.12,1.56,132
3,229,777,1227,0,0,116
3,230,777,1227,0,0,116
3,231,747,1248,4.724,2.362,119
3,232,747,1248,0,0,119
3,233,747,1248,0,0,121
3,234,747,1248,0,0,103
3,235,729,1293,6.252,3.126,76
3,236,729,1293,0,0,116
3,237,729,1293,0,0,78
3,238,729,1293,0,0,87
3,239,723,1284,1.395,0.698,112
3,240,723,1284,0,0,103
3,241,723,1284,0,0,75
3,247,600,1326,16.767,8.383,69
3,248,600,1326,0,0,66
3,249,600,1326,0,0,117
3,250,600,1326,0,0,103
3,251,600,1326,0,0,103
3,252,600,1326,0,0,98
3,253,600,1326,0,0,113
3,254,600,1326,0,0,113
3,255,591,1341,2.257,1.128,97
3,256,591,1341,0,0,127
3,257,591,1341,0,0,109
3,258,558,1329,4.53,2.265,112
3,259,558,1329,0,0,114
3,260,558,1329,0,0,128
3,261,558,1329,0,0,128
3,262,558,1329,0,0,123
3,263,558,1329,0,0,101
3,264,561,1344,1.973,0.987,111
3,265,561,1344,0,0,114
3,266,561,1344,0,0,107
3,267,552,1344,1.161,0.581,99
3,268,552,1344,0,0,99
3,269,552,1344,0,0,112
3,270,552,1344,0,0,132
3,283,390,1416,22.869,11.435,121
3,284,390,1416,0,0,92
3,285,390,1416,0,0,127
3,286,390,1416,0,0,125
3,287,390,1416,0,0,125
3,288,390,1416,0,0,162
3,289,390,1416,0,0,154
3,290,390,1416,0,0,154
3,291,390,1416,0,0,144
3,292,372,1416,2.322,1.161,137
3,293,372,1416,0,0,138
3,294,372,1416,0,0,114
3,295,372,1416,0,0,95
3,296,372,1416,0,0,87
3,297,372,1416,0,0,87
3,298,372,1416,0,0,87
3,299,372,1416,0,0,98
3,300,372,1416,0,0,90
3,301,369,1404,1.596,0.798,114
3,302,369,1404,0,0,90
3,303,369,1404,0,0,109
3,314,231,1404,17.802,8.901,97
3,315,231,1404,0,0,103
3,316,231,1404,0,0,111
3,317,231,1404,0,0,110
3,318,231,1404,0,0,110
3,319,231,1404,0,0,126
3,320,231,1404,0,0,97
3,321,231,1404,0,0,120
3,322,231,1404,0,0,113
3,323,231,1404,0,0,108
3,324,231,1404,0,0,102
3,325,228,1383,2.737,1.368,150
3,326,228,1383,0,0,107
3,327,228,1383,0,0,125
3,328,228,1383,0,0,103
3,329,204,1386,3.12,1.56,113
3,330,204,1386,0,0,139
3,331,204,1386,0,0,98
3,332,204,1386,0,0,90
3,333,204,1386,0,0,90
3,334,204,1386,0,0,116
3,335,204,1386,0,0,92
3,336,204,1386,0,0,125
4,1,1821,855,-1,-1,108
4,2,1821,855,0,0,129
4,3,1821,855,0,0,129
4,4,1821,855,0,0,112
4,5,1809,855,1.548,0.774,110
4,6,1809,855,0,0,117
4,7,1809,855,0,0,93
4,8,1782,855,3.483,1.742,105
4,9,1782,855,0,0,106
4,10,1782,855,0,0,106
4,11,1749,855,4.257,2.128,101
4,12,1749,855,0,0,101
4,13,1749,855,0,0,111
4,14,1749,855,0,0,104
4,15,1749,855,0,0,117
4,16,1725,855,3.096,1.548,108
4,17,1725,855,0,0,108
4,18,1725,855,0,0,97
4,19,1725,855,0,0,90
4,20,1725,855,0,0,95
4,21,1725,855,0,0,103
4,22,1725,855,0,0,128
4,33,1596,855,16.641,8.321,110
4,34,1596,855,0,0,113
4,35,1596,855,0,0,98
4,36,1596,855,0,0,90
4,37,1596,855,0,0,95
4,38,1596,855,0,0,95
4,39,1596,855,0,0,90
4,40,1596,855,0,0,86
4,41,1596,855,0,0,80
4,42,1596,855,0,0,78
4,43,1596,855,0,0,83
4,44,1596,855,0,0,83
4,45,1596,855,0,0,86
4,46,1596,855,0,0,86
4,47,1596,855,0,0,85
4,48,1596,855,0,0,90
4,49,1596,855,0,0,87
4,50,1596,855,0,0,101
4,51,1596,855,0,0,106
4,52,1596,855,0,0,106
4,53,1596,855,0,0,106
4,54,1596,855,0,0,103
4,55,1596,855,0,0,101
4,56,1596,855,0,0,109
4,57,1566,867,4.168,2.084,118
4,58,1566,867,0,0,100
4,59,1566,867,0,0,100
4,60,1566,867,0,0,100
4,61,1563,864,0.547,0.274,99
4,62,1563,864,0,0,87
4,63,1563,864,0,0,110
4,64,1566,870,0.865,0.433,113
4,65,1566,882,1.548,0.774,81
4,66,1566,882,0,0,99
4,67,1566,882,0,0,99
4,68,1542,888,3.191,1.596,85
4,69,1542,888,0,0,86
4,70,1542,888,0,0,92
4,71,1542,888,0,0,92
4,72,1542,888,0,0,97
4,73,1542,888,0,0,108
4,74,1542,888,0,0,108
4,75,1542,888,0,0,101
4,76,1542,888,0,0,133
4,96,1455,954,14.087,7.044,87
4,97,1455,954,0,0,96
4,98,1455,954,0,0,115
4,99,1455,954,0,0,132
4,100,1455,954,0,0,127
4,101,1455,954,0,0,123
4,102,1455,954,0,0,108
4,103,1455,954,0,0,108
4,104,1455,954,0,0,97
4,105,1455,954,0,0,126
4,106,1455,954,0,0,125
4,107,1455,954,0,0,108
4,108,1455,954,0,0,117
4,109,1410,969,6.119,3.06,128
4,110,1410,969,0,0,128
4,111,1410,969,0,0,122
4,112,1410,969,0,0,113
4,113,1410,969,0,0,85
4,114,1410,969,0,0,86
4,115,1380,981,4.168,2.084,103
4,116,1380,981,0,0,94
4,117,1380,981,0,0,94
4,130,1224,1056,22.329,11.164,83
4,131,1224,1056,0,0,114
4,132,1224,1056,0,0,114
4,133,1224,1056,0,0,108
4,134,1224,1056,0,0,97
4,135,1224,1056,0,0,88
4,136,1224,1056,0,0,88
4,137,1224,1056,0,0,93
4,138,1224,1056,0,0,92
4,139,1224,1056,0,0,92
4,140,1224,1056,0,0,91
4,141,1224,1056,0,0,94
4,142,1224,1056,0,0,86
4,143,1224,1056,0,0,116
4,144,1224,1056,0,0,103
4,145,1194,1056,3.87,1.935,131
4,146,1194,1056,0,0,131
4,147,1194,1056,0,0,124
4,148,1194,1056,0,0,115
4,149,1176,1056,2.322,1.161,119
4,150,1176,1056,0,0,137
4,163,1056,1125,17.857,8.928,76
4,164,1056,1125,0,0,90
4,165,1056,1125,0,0,90
4,166,1056,1125,0,0,83
4,167,1056,1125,0,0,88
4,168,1056,1125,0,0,88
4,169,1056,1125,0,0,90
4,170,1056,1125,0,0,98
4,171,1056,1125,0,0,96
4,172,1056,1125,0,0,100
4,173,1056,1125,0,0,118
4,174,1056,1125,0,0,109
4,175,1056,1125,0,0,109
4,176,1056,1125,0,0,115
4,177,1056,1125,0,0,113
4,178,1056,1125,0,0,114
4,179,1056,1125,0,0,128
4,180,1056,1125,0,0,125
4,181,1056,1125,0,0,123
4,182,1056,1125,0,0,123
4,183,1056,1125,0,0,115
4,184,1056,1152,3.483,1.742,116
4,185,1056,1152,0,0,109
4,186,1056,1152,0,0,108
4,187,1056,1152,0,0,114
4,188,1056,1152,0,0,121
4,189,1056,1152,0,0,121
4,190,1056,1152,0,0,121
4,191,1056,1152,0,0,109
4,192,1056,1152,0,0,112
4,193,1056,1152,0,0,97
4,194,1059,1161,1.224,0.612,113
4,195,1059,1161,0,0,103
4,196,1059,1161,0,0,103
4,197,1059,1161,0,0,105
4,198,1059,1161,0,0,123
4,199,1059,1161,0,0,116
4,200,1059,1161,0,0,117
4,201,1059,1161,0,0,113
4,202,1050,1179,2.596,1.298,95
4,203,1050,1179,0,0,125
4,204,1050,1179,0,0,125
4,205,1050,1179,0,0,113
4,206,1086,1158,5.376,2.688,83
4,208,1065,1185,4.412,2.206,109
4,209,1065,1185,0,0,113
4,210,1065,1185,0,0,113
4,211,1065,1185,0,0,113
4,212,1065,1185,0,0,96
4,213,1065,1185,0,0,107
4,214,1065,1185,0,0,97
4,226,924,1314,24.653,12.326,111
4,227,924,1314,0,0,109
4,228,924,1314,0,0,116
4,229,924,1314,0,0,103
4,230,924,1314,0,0,94
4,231,924,1314,0,0,112
4,232,924,1314,0,0,112
4,233,924,1314,0,0,105
4,234,924,1314,0,0,94
4,235,924,1314,0,0,116
4,236,924,1314,0,0,114
4,237,924,1314,0,0,101
4,238,924,1314,0,0,105
4,239,906,1302,2.791,1.395,110
4,240,906,1302,0,0,92
4,241,906,1302,0,0,110
4,242,906,1302,0,0,116
4,243,906,1302,0,0,108
4,244,906,1302,0,0,113
4,245,885,1329,4.412,2.206,92
4,246,885,1329,0,0,86
4,247,885,1329,0,0,86
4,248,864,1311,3.568,1.784,151
4,249,864,1311,0,0,114
4,263,651,1434,31.729,15.865,83
4,264,651,1434,0,0,83
4,265,651,1434,0,0,77
4,266,651,1434,0,0,72
4,267,651,1434,0,0,78
4,268,651,1434,0,0,78
4,269,651,1434,0,0,93
4,270,651,1434,0,0,91
4,271,651,1434,0,0,75
4,272,651,1434,0,0,78
4,273,651,1434,0,0,80
4,274,651,1434,0,0,118
4,275,651,1434,0,0,118
4,276,651,1434,0,0,94
4,277,651,1434,0,0,91
4,278,651,1434,0,0,81
4,279,639,1434,1.548,0.774,95
4,280,639,1434,0,0,92
4,281,639,1434,0,0,93
4,282,639,1434,0,0,93
4,283,639,1434,0,0,97
4,284,639,1434,0,0,112
4,285,639,1434,0,0,103
4,286,639,1434,0,0,101
4,287,639,1434,0,0,106
4,288,639,1434,0,0,94
4,289,639,1434,0,0,80
4,290,615,1440,3.191,1.596,76
4,291,615,1440,0,0,97
4,304,444,1497,23.252,11.626,108
4,305,444,1497,0,0,106
4,306,444,1497,0,0,109
4,307,444,1497,0,0,121
4,308,444,1497,0,0,101
4,309,444,1497,0,0,139
4,310,444,1497,0,0,130
4,311,444,1497,0,0,130
4,312,444,1497,0,0,103
4,313,444,1497,0,0,145
4,314,444,1497,0,0,121
4,315,444,1497,0,0,119
4,316,444,1497,0,0,117
4,317,444,1497,0,0,121
4,318,408,1497,4.644,2.322,85
4,319,408,1497,0,0,104
4,320,408,1497,0,0,118
4,321,408,1497,0,0,95
4,322,408,1497,0,0,103
4,323,375,1503,4.327,2.163,103
4,324,375,1503,0,0,120
4,325,375,1503,0,0,120
4,326,375,1503,0,0,91
4,327,375,1503,0,0,108
4,328,375,1503,0,0,114
4,329,375,1503,0,0,116
4,330,375,1503,0,0,103
4,342,192,1545,24.221,12.11,87
4,343,192,1545,0,0,90
4,344,192,1545,0,0,87
4,345,192,1545,0,0,107
4,346,192,1545,0,0,102
4,347,192,1545,0,0,102
4,348,192,1545,0,0,106
4,349,192,1545,0,0,100
4,350,201,1542,1.224,0.612,88
4,351,210,1539,1.224,0.612,73
4,352,210,1539,0,0,109
5,24,1680,693,-1,-1,93
5,25,1680,693,0,0,119
5,26,1680,693,0,0,160
5,27,1680,693,0,0,97
5,28,1680,693,0,0,97
5,29,1650,711,4.513,2.257,109
5,30,1650,711,0,0,101
5,31,1650,711,0,0,101
5,32,1650,711,0,0,101
5,33,1650,711,0,0,95
5,34,1650,711,0,0,103
5,35,1650,711,0,0,108
5,36,1650,711,0,0,116
5,37,1650,711,0,0,94
5,38,1650,711,0,0,94
5,39,1650,711,0,0,128
5,40,1650,711,0,0,97
5,41,1650,711,0,0,83
5,42,1650,711,0,0,80
5,43,1650,711,0,0,94
5,44,1650,711,0,0,123
5,45,1650,711,0,0,139
5,46,1650,711,0,0,139
5,47,1638,705,1.731,0.865,144
5,48,1638,705,0,0,150
5,49,1638,705,0,0,81
5,50,1617,711,2.817,1.409,90
5,51,1617,711,0,0,128
5,61,1491,735,16.546,8.273,144
5,62,1491,735,0,0,134
5,63,1491,735,0,0,108
5,64,1491,735,0,0,109
5,65,1491,735,0,0,96
5,66,1491,735,0,0,121
5,67,1488,756,2.737,1.368,130
5,68,1488,756,0,0,154
5,69,1488,756,0,0,159
5,70,1488,756,0,0,130
5,71,1488,756,0,0,104
5,72,1488,756,0,0,125
5,73,1488,756,0,0,114
5,74,1488,756,0,0,114
5,75,1479,756,1.161,0.581,87
5,76,1479,756,0,0,113
5,77,1479,756,0,0,86
5,78,1479,756,0,0,93
5,79,1479,756,0,0,130
5,80,1431,762,6.24,3.12,137
5,81,1431,762,0,0,137
5,82,1431,762,0,0,111
5,83,1431,762,0,0,113
5,84,1431,762,0,0,108
5,85,1431,768,0.774,0.387,167
5,86,1431,768,0,0,157
5,87,1431,768,0,0,141
5,88,1434,786,2.354,1.177,113
5,89,1434,786,0,0,116
5,90,1434,786,0,0,120
5,91,1434,786,0,0,131
5,100,1347,834,12.818,6.409,116
5,101,1347,834,0,0,136
5,102,1347,834,0,0,146
5,103,1347,834,0,0,146
5,104,1347,834,0,0,149
5,105,1347,834,0,0,137
5,106,1347,834,0,0,126
5,107,1347,834,0,0,109
5,108,1347,834,0,0,118
5,109,1347,834,0,0,143
5,110,1347,834,0,0,143
5,111,1347,834,0,0,139
5,112,1347,834,0,0,137
5,113,1332,849,2.737,1.368,134
5,114,1332,849,0,0,113
5,115,1332,849,0,0,103
5,116,1323,846,1.224,0.612,146
5,117,1323,846,0,0,146
5,118,1323,846,0,0,125
5,119,1323,846,0,0,110
5,120,1308,864,3.023,1.511,101
5,121,1308,864,0,0,120
5,122,1308,879,1.935,0.967,112
5,123,1284,879,3.096,1.548,89
5,124,1284,879,0,0,89
5,125,1284,879,0,0,120
5,139,1119,933,22.396,11.198,92
5,140,1119,933,0,0,121
5,141,1119,933,0,0,93
5,142,1119,933,0,0,105
5,143,1119,933,0,0,95
5,144,1119,933,0,0,84
5,145,1119,933,0,0,78
5,146,1119,933,0,0,78
5,147,1119,933,0,0,80
5,148,1107,933,1.548,0.774,105
5,149,1107,933,0,0,101
5,150,1107,933,0,0,123
5,151,1107,933,0,0,144
5,152,1107,933,0,0,121
5,153,1107,954,2.709,1.355,88
5,154,1107,954,0,0,80
5,155,1107,954,0,0,108
5,156,1107,954,0,0,94
5,157,1065,954,5.418,2.709,149
5,158,1065,954,0,0,130
5,159,1065,954,0,0,134
5,160,1065,954,0,0,134
5,161,1065,954,0,0,135
5,162,1065,954,0,0,123
5,163,1065,954,0,0,120
5,179,927,1029,20.261,10.131,113
5,180,927,1029,0,0,128
5,181,927,1029,0,0,123
5,182,927,1029,0,0,123
5,183,927,1029,0,0,123
5,184,927,1029,0,0,132
5,185,927,1029,0,0,115
5,186,927,1029,0,0,112
5,187,927,1029,0,0,121
5,188,927,1029,0,0,103
5,189,942,1032,1.973,0.987,132
5,190,942,1032,0,0,119
5,191,981,1032,5.031,2.516,137
5,192,981,1032,0,0,134
5,193,981,1032,0,0,128
5,194,981,1032,0,0,119
5,195,981,1032,0,0,141
5,196,981,1032,0,0,141
5,197,981,1032,0,0,109
5,198,966,1056,3.651,1.825,93
5,199,966,1056,0,0,137
5,200,966,1056,0,0,116
5,201,966,1056,0,0,114
5,211,885,1143,15.334,7.667,83
5,212,885,1143,0,0,101
5,213,885,1143,0,0,83
5,214,885,1143,0,0,94
5,215,885,1143,0,0,104
5,216,885,1143,0,0,108
5,217,885,1143,0,0,85
5,218,885,1143,0,0,85
5,219,885,1143,0,0,112
5,220,885,1143,0,0,122
5,221,885,1143,0,0,128
5,222,885,1143,0,0,112
5,223,885,1143,0,0,98
5,224,885,1164,2.709,1.355,91
5,225,885,1164,0,0,91
5,226,885,1164,0,0,96
5,227,885,1164,0,0,119
5,228,885,1164,0,0,106
5,229,885,1164,0,0,114
5,230,885,1173,1.161,0.581,82
5,231,885,1173,0,0,133
5,232,885,1173,0,0,133
5,233,846,1185,5.264,2.632,130
5,234,846,1185,0,0,147
5,235,846,1185,0,0,153
5,236,846,1185,0,0,139
5,237,846,1185,0,0,98
5,238,846,1185,0,0,86
5,239,828,1188,2.354,1.177,111
5,240,828,1188,0,0,113
5,241,828,1188,0,0,106
5,242,828,1188,0,0,109
5,243,828,1188,0,0,114
5,244,828,1188,0,0,107
5,245,810,1194,2.448,1.224,145
5,246,810,1194,0,0,127
5,257,624,1287,26.826,13.413,86
5,258,624,1287,0,0,96
5,259,624,1287,0,0,109
5,260,624,1287,0,0,108
5,261,624,1287,0,0,108
5,262,624,1287,0,0,90
5,263,624,1287,0,0,90
5,264,624,1287,0,0,106
5,265,624,1287,0,0,98
5,266,624,1287,0,0,106
5,267,624,1287,0,0,101
5,268,624,1287,0,0,101
5,269,624,1287,0,0,128
5,270,624,1287,0,0,109
5,271,624,1287,0,0,101
5,272,624,1287,0,0,111
5,273,624,1287,0,0,125
5,274,624,1287,0,0,96
5,275,624,1287,0,0,96
5,276,624,1287,0,0,140
5,277,603,1299,3.12,1.56,113
5,278,603,1299,0,0,118
5,279,603,1299,0,0,114
5,280,603,1299,0,0,107
5,295,417,1347,24.78,12.39,107
5,296,417,1347,0,0,99
5,297,417,1347,0,0,99
5,298,417,1347,0,0,103
5,299,417,1347,0,0,114
5,300,417,1347,0,0,103
5,301,417,1347,0,0,102
5,302,417,1347,0,0,87
5,303,417,1347,0,0,98
5,304,417,1347,0,0,98
5,305,417,1347,0,0,88
5,306,417,1347,0,0,76
5,307,417,1347,0,0,75
5,308,417,1347,0,0,94
5,309,417,1347,0,0,87
5,310,417,1347,0,0,85
5,311,417,1347,0,0,85
5,312,417,1347,0,0,96
5,313,375,1362,5.753,2.877,99
5,314,375,1362,0,0,123
5,315,375,1362,0,0,107
5,316,375,1362,0,0,103
5,317,375,1362,0,0,81
5,318,375,1362,0,0,81
5,319,375,1362,0,0,78
5,320,375,1362,0,0,92
5,321,375,1362,0,0,88
5,322,375,1362,0,0,87
5,323,324,1389,7.444,3.722,106
5,324,324,1389,0,0,121
5,325,324,1389,0,0,121
5,326,324,1389,0,0,99
5,327,324,1389,0,0,123
5,328,324,1389,0,0,140
5,341,180,1395,18.592,9.296,98
5,342,180,1395,0,0,93
5,343,180,1395,0,0,100
5,344,180,1395,0,0,137
5,345,180,1395,0,0,82
5,346,180,1395,0,0,71
5,347,180,1395,0,0,71
5,348,180,1395,0,0,85
5,349,180,1395,0,0,86
5,350,180,1395,0,0,88
5,351,180,1395,0,0,85
5,352,180,1395,0,0,83
5,353,180,1395,0,0,78
5,354,180,1395,0,0,78
5,355,180,1395,0,0,75
5,356,180,1395,0,0,73
5,357,180,1395,0,0,80
5,358,180,1395,0,0,83
5,359,180,1395,0,0,79
5,360,180,1395,0,0,76
5,361,180,1395,0,0,76
6,20,1797,867,-1,-1,108
6,21,1797,867,0,0,100
6,22,1797,867,0,0,108
6,23,1797,867,0,0,94
6,24,1797,867,0,0,94
6,25,1797,867,0,0,92
6,26,1797,867,0,0,94
6,27,1797,867,0,0,104
6,28,1797,867,0,0,133
6,29,1797,867,0,0,114
6,30,1797,867,0,0,125
6,31,1797,867,0,0,125
6,32,1767,879,4.168,2.084,112
6,33,1767,879,0,0,123
6,34,1767,879,0,0,121
6,35,1767,879,0,0,127
6,36,1767,879,0,0,114
6,37,1767,879,0,0,113
6,38,1767,879,0,0,113
6,39,1767,861,2.322,1.161,103
6,40,1767,861,0,0,113
6,41,1767,861,0,0,101
6,42,1767,861,0,0,113
6,43,1767,861,0,0,119
6,44,1767,861,0,0,124
6,45,1746,873,3.12,1.56,111
6,46,1746,873,0,0,111
6,47,1746,873,0,0,116
6,48,1746,873,0,0,113
6,49,1746,873,0,0,89
6,78,1563,882,23.636,11.818,92
6,79,1563,882,0,0,104
6,80,1563,882,0,0,89
6,81,1563,882,0,0,89
6,82,1563,882,0,0,104
6,83,1563,882,0,0,116
6,84,1563,882,0,0,111
6,85,1584,873,2.947,1.474,109
6,86,1584,873,0,0,110
6,87,1584,873,0,0,113
6,88,1605,873,2.709,1.355,87
6,89,1605,873,0,0,108
6,90,1605,873,0,0,102
6,91,1605,873,0,0,96
6,92,1605,873,0,0,98
6,93,1605,873,0,0,114
6,94,1605,873,0,0,113
6,95,1605,873,0,0,90
6,96,1605,873,0,0,90
6,97,1605,873,0,0,141
6,98,1605,873,0,0,118
6,99,1605,882,1.161,0.581,120
6,100,1605,882,0,0,101
6,101,1605,882,0,0,87
6,113,1461,969,21.703,10.852,91
6,114,1461,969,0,0,102
6,115,1461,969,0,0,85
6,116,1461,969,0,0,78
6,117,1461,969,0,0,78
6,118,1461,969,0,0,116
6,119,1461,969,0,0,125
6,120,1461,969,0,0,113
6,121,1461,969,0,0,109
6,122,1461,969,0,0,116
6,123,1461,969,0,0,137
6,124,1434,975,3.568,1.784,110
6,125,1434,975,0,0,125
6,126,1434,975,0,0,127
6,127,1434,975,0,0,119
6,128,1434,975,0,0,96
6,129,1401,978,4.275,2.137,139
6,130,1401,978,0,0,117
6,131,1401,978,0,0,132
6,132,1401,978,0,0,132
6,133,1383,1005,4.186,2.093,98
6,134,1386,1008,0.547,0.274,79
6,135,1386,1008,0,0,80
6,136,1389,990,2.354,1.177,94
6,137,1389,990,0,0,102
6,138,1389,990,0,0,142
6,139,1389,990,0,0,142
6,140,1389,990,0,0,131
6,141,1389,990,0,0,105
6,154,1233,1065,22.329,11.164,97
6,155,1233,1065,0,0,97
6,156,1233,1065,0,0,99
6,157,1233,1065,0,0,103
6,158,1233,1065,0,0,83
6,159,1233,1065,0,0,86
6,160,1233,1065,0,0,86
6,161,1233,1065,0,0,85
6,162,1233,1065,0,0,91
6,163,1233,1065,0,0,97
6,164,1233,1065,0,0,108
6,165,1233,1065,0,0,120
6,166,1233,1065,0,0,108
6,167,1233,1065,0,0,113
6,168,1209,1077,3.461,1.731,84
6,169,1209,1077,0,0,83
6,170,1209,1077,0,0,105
6,171,1209,1077,0,0,108
6,172,1197,1080,1.596,0.798,104
6,173,1197,1080,0,0,112
6,174,1197,1080,0,0,102
6,175,1197,1080,0,0,102
6,176,1197,1080,0,0,101
6,177,1179,1086,2.448,1.224,111
6,178,1179,1086,0,0,124
6,179,1179,1086,0,0,133
6,180,1179,1086,0,0,130
6,181,1179,1086,0,0,116
6,182,1179,1086,0,0,116
6,183,1179,1086,0,0,115
6,184,1179,1086,0,0,113
6,185,1179,1086,0,0,122
6,186,1179,1086,0,0,119
6,187,1179,1086,0,0,139
6,188,1179,1089,0.387,0.194,120
6,189,1179,1089,0,0,120
6,190,1179,1089,0,0,115
6,191,1176,1110,2.737,1.368,86
6,192,1176,1110,0,0,90
6,193,1176,1110,0,0,84
6,194,1176,1110,0,0,88
6,195,1176,1110,0,0,97
6,196,1176,1110,0,0,97
6,197,1176,1110,0,0,98
6,211,1077,1179,15.567,7.783,78
6,212,1077,1179,0,0,98
6,213,1077,1179,0,0,113
6,214,1077,1179,0,0,90
6,215,1077,1179,0,0,90
6,216,1077,1179,0,0,90
6,217,1077,1179,0,0,109
6,218,1077,1179,0,0,109
6,219,1077,1179,0,0,112
6,220,1077,1179,0,0,107
6,221,1077,1179,0,0,100
6,222,1077,1179,0,0,106
6,223,1077,1179,0,0,92
6,224,1077,1179,0,0,106
6,225,1077,1179,0,0,106
6,226,1077,1179,0,0,136
6,227,1077,1179,0,0,108
6,228,1077,1179,0,0,101
6,229,1068,1200,2.947,1.474,101
6,230,1068,1200,0,0,146
6,231,1068,1200,0,0,153
6,232,1068,1200,0,0,153
6,233,1038,1200,3.87,1.935,135
6,234,1038,1200,0,0,139
6,235,1038,1200,0,0,100
6,236,1038,1200,0,0,134
6,237,1038,1200,0,0,149
6,238,1038,1200,0,0,96
6,249,879,1308,24.795,12.398,92
6,250,879,1308,0,0,76
6,251,879,1308,0,0,104
6,252,879,1308,0,0,98
6,253,879,1308,0,0,87
6,254,879,1308,0,0,87
6,255,867,1335,3.812,1.906,83
6,256,867,1335,0,0,84
6,257,867,1335,0,0,150
6,258,867,1335,0,0,134
6,259,855,1338,1.596,0.798,154
6,260,855,1338,0,0,139
6,261,855,1338,0,0,139
6,262,855,1338,0,0,163
6,263,840,1341,1.973,0.987,115
6,264,840,1341,0,0,136
6,265,840,1341,0,0,144
6,266,840,1341,0,0,129
6,267,840,1341,0,0,108
6,268,840,1341,0,0,108
6,269,840,1341,0,0,97
6,290,654,1434,26.826,13.413,82
6,291,654,1434,0,0,85
6,292,654,1434,0,0,83
6,293,654,1434,0,0,80
6,294,654,1434,0,0,106
6,295,654,1434,0,0,87
6,296,654,1434,0,0,100
6,297,654,1434,0,0,100
6,298,654,1434,0,0,104
6,299,654,1434,0,0,87
6,300,654,1434,0,0,87
6,301,654,1434,0,0,101
6,302,654,1434,0,0,149
6,303,654,1434,0,0,117
6,304,642,1434,1.548,0.774,79
6,305,642,1434,0,0,91
6,306,642,1434,0,0,92
6,307,642,1434,0,0,94
6,308,612,1437,3.889,1.945,111
6,309,612,1437,0,0,135
6,310,612,1437,0,0,154
6,311,612,1437,0,0,154
6,312,612,1437,0,0,91
6,313,612,1437,0,0,90
6,314,600,1440,1.596,0.798,108
6,315,600,1440,0,0,125
6,316,600,1440,0,0,128
6,333,414,1494,24.985,12.492,97
6,334,414,1494,0,0,106
6,335,414,1494,0,0,114
6,336,414,1494,0,0,146
6,337,414,1494,0,0,92
6,338,414,1494,0,0,104
6,339,414,1494,0,0,135
6,340,414,1494,0,0,135
6,341,414,1494,0,0,125
6,342,414,1494,0,0,139
6,343,408,1485,1.395,0.698,88
6,344,408,1485,0,0,110
6,345,408,1485,0,0,144
6,346,408,1485,0,0,146
6,347,408,1485,0,0,146
6,348,408,1485,0,0,143
6,349,408,1485,0,0,142
6,350,408,1485,0,0,138
6,351,408,1485,0,0,134
6,352,408,1485,0,0,130
6,353,408,1485,0,0,119
6,354,387,1494,2.947,1.474,144
6,355,387,1494,0,0,139
6,356,387,1494,0,0,132
6,357,384,1491,0.547,0.274,124
6,358,384,1491,0,0,110
6,359,384,1491,0,0,110
6,360,384,1491,0,0,149
6,361,384,1491,0,0,149
7,14,1854,693,-1,-1,88
7,15,1854,693,0,0,75
7,16,1854,693,0,0,83
7,17,1854,693,0,0,83
7,18,1854,693,0,0,75
7,19,1854,693,0,0,83
7,20,1854,693,0,0,116
7,21,1854,693,0,0,109
7,22,1854,693,0,0,119
7,23,1854,693,0,0,131
7,24,1854,693,0,0,131
7,25,1854,693,0,0,109
7,26,1854,693,0,0,123
7,27,1854,693,0,0,125
7,28,1806,705,6.383,3.191,101
7,29,1806,705,0,0,126
7,30,1806,705,0,0,97
7,31,1806,705,0,0,97
7,32,1806,705,0,0,92
7,33,1806,705,0,0,101
7,34,1806,705,0,0,103
7,35,1806,705,0,0,114
7,36,1806,705,0,0,87
7,37,1794,714,1.935,0.968,123
7,38,1794,714,0,0,123
7,39,1794,714,0,0,124
7,40,1779,711,1.973,0.987,91
7,41,1779,711,0,0,122
7,42,1779,711,0,0,132
7,75,1569,708,27.093,13.546,94
7,76,1569,708,0,0,116
7,77,1569,708,0,0,139
7,78,1569,708,0,0,139
7,79,1569,708,0,0,135
7,80,1569,708,0,0,109
7,81,1569,708,0,0,109
7,82,1569,708,0,0,121
7,83,1569,708,0,0,125
7,84,1569,708,0,0,135
7,85,1569,708,0,0,101
7,86,1569,708,0,0,92
7,87,1569,708,0,0,89
7,88,1569,708,0,0,89
7,89,1569,708,0,0,96
7,90,1569,723,1.935,0.968,82
7,91,1569,723,0,0,83
7,92,1569,723,0,0,106
7,93,1569,723,0,0,166
7,94,1569,723,0,0,173
7,95,1569,723,0,0,154
7,96,1569,723,0,0,154
7,97,1569,723,0,0,102
7,98,1560,738,2.257,1.128,123
7,99,1560,738,0,0,137
7,100,1560,738,0,0,168
7,101,1560,738,0,0,119
7,102,1560,738,0,0,146
7,103,1548,747,1.935,0.968,123
7,104,1548,747,0,0,80
7,105,1548,747,0,0,99
7,106,1548,747,0,0,116
7,121,1368,819,25.009,12.504,135
7,122,1368,819,0,0,86
7,123,1368,819,0,0,135
7,124,1368,819,0,0,135
7,125,1368,819,0,0,116
7,126,1368,819,0,0,112
7,127,1353,825,2.084,1.042,121
7,128,1353,825,0,0,101
7,129,1353,825,0,0,129
7,130,1353,825,0,0,138
7,131,1326,843,4.186,2.093,120
7,132,1326,843,0,0,120
7,133,1326,843,0,0,114
7,134,1326,843,0,0,109
7,135,1326,843,0,0,109
7,136,1326,843,0,0,114
7,137,1326,843,0,0,133
7,138,1326,843,0,0,151
7,139,1326,843,0,0,151
7,140,1326,843,0,0,161
7,141,1326,843,0,0,99
7,142,1326,843,0,0,97
7,143,1326,843,0,0,133
7,144,1272,879,8.372,4.186,86
7,145,1272,879,0,0,98
7,146,1272,879,0,0,98
7,147,1272,879,0,0,119
7,148,1272,879,0,0,147
7,149,1266,891,1.731,0.865,125
7,150,1266,891,0,0,147
7,151,1266,891,0,0,141
7,163,1092,930,23.003,11.501,123
7,164,1092,930,0,0,125
7,165,1092,930,0,0,129
7,166,1092,930,0,0,125
7,167,1092,930,0,0,108
7,168,1092,930,0,0,108
7,169,1092,930,0,0,106
7,170,1092,930,0,0,94
7,171,1092,930,0,0,92
7,172,1092,930,0,0,100
7,173,1092,930,0,0,97
7,174,1092,930,0,0,91
7,175,1092,930,0,0,91
7,176,1092,930,0,0,96
7,177,1092,930,0,0,99
7,178,1092,930,0,0,101
7,179,1092,930,0,0,102
7,180,1092,930,0,0,97
7,181,1092,930,0,0,104
7,182,1092,930,0,0,104
7,183,1092,930,0,0,114
7,184,1092,930,0,0,109
7,185,1092,927,0.387,0.194,108
7,186,1095,936,1.224,0.612,125
7,187,1095,936,0,0,103
7,188,1095,936,0,0,107
7,189,1095,942,0.774,0.387,129
7,190,1095,960,2.322,1.161,140
7,191,1095,960,0,0,121
7,192,1095,960,0,0,125
7,193,1095,960,0,0,133
7,194,1095,960,0,0,137
7,195,1095,960,0,0,135
7,196,1095,960,0,0,135
7,197,1095,960,0,0,136
7,198,1095,960,0,0,149
7,199,1095,960,0,0,108
7,200,1095,960,0,0,87
7,201,1095,960,0,0,85
7,202,1095,960,0,0,92
7,203,1095,960,0,0,113
7,204,1080,972,2.478,1.239,109
7,205,1080,972,0,0,101
7,206,1080,972,0,0,103
7,207,1080,972,0,0,140
7,208,1080,972,0,0,125
7,226,921,1074,24.369,12.184,130
7,227,921,1080,0.774,0.387,88
7,228,921,1080,0,0,103
7,229,921,1080,0,0,96
7,230,921,1080,0,0,76
7,231,921,1080,0,0,78
7,232,921,1080,0,0,78
7,233,921,1080,0,0,84
7,234,921,1080,0,0,87
7,235,918,1086,0.865,0.433,91
7,236,918,1086,0,0,100
7,237,918,1086,0,0,101
7,238,918,1086,0,0,88
7,239,918,1086,0,0,88
7,240,909,1104,2.596,1.298,106
7,241,909,1104,0,0,102
7,242,909,1104,0,0,108
7,243,909,1104,0,0,113
7,244,909,1104,0,0,119
7,245,909,1104,0,0,134
7,246,891,1125,3.568,1.784,121
7,247,891,1125,0,0,121
7,248,891,1125,0,0,113
7,249,873,1134,2.596,1.298,138
7,250,873,1134,0,0,147
7,251,873,1134,0,0,123
7,252,873,1134,0,0,127
7,269,678,1242,28.755,14.378,121
7,270,678,1242,0,0,108
7,271,678,1242,0,0,137
7,272,678,1242,0,0,114
7,273,678,1242,0,0,119
7,274,678,1242,0,0,143
7,275,678,1242,0,0,143
7,276,678,1242,0,0,126
7,277,678,1242,0,0,100
7,278,678,1242,0,0,101
7,279,678,1242,0,0,98
7,280,678,1242,0,0,119
7,281,678,1242,0,0,130
7,282,672,1242,0.774,0.387,114
7,283,672,1242,0,0,113
7,284,672,1242,0,0,113
7,285,672,1242,0,0,92
7,286,672,1242,0,0,93
7,287,672,1242,0,0,128
7,288,672,1242,0,0,117
7,289,672,1242,0,0,129
7,290,672,1242,0,0,129
7,291,642,1257,4.327,2.163,102
7,292,642,1257,0,0,108
7,293,642,1257,0,0,119
7,294,642,1257,0,0,131
7,295,609,1302,7.199,3.599,103
7,296,609,1302,0,0,95
7,297,609,1302,0,0,95
7,298,609,1302,0,0,123
7,299,609,1302,0,0,76
7,300,609,1302,0,0,94
7,301,609,1302,0,0,110
7,302,609,1302,0,0,97
7,303,597,1287,2.478,1.239,106
7,304,597,1287,0,0,106
7,305,597,1287,0,0,125
7,306,597,1287,0,0,89
7,307,597,1287,0,0,110
7,308,597,1287,0,0,129
7,309,597,1287,0,0,91
7,310,597,1287,0,0,132
7,311,579,1296,2.596,1.298,154
7,312,579,1296,0,0,119
7,324,405,1308,22.499,11.25,122
7,325,405,1308,0,0,122
7,326,405,1308,0,0,114
7,327,405,1308,0,0,85
7,328,405,1308,0,0,94
7,329,405,1308,0,0,118
7,330,405,1308,0,0,114
7,331,405,1308,0,0,104
7,332,405,1308,0,0,120
7,333,405,1308,0,0,120
7,334,405,1308,0,0,130
7,335,405,1308,0,0,99
7,336,408,1314,0.865,0.433,124
7,337,408,1314,0,0,105
7,338,408,1314,0,0,117
7,339,384,1317,3.12,1.56,110
7,340,384,1317,0,0,110
7,341,384,1317,0,0,81
7,342,369,1329,2.478,1.239,117
7,343,369,1329,0,0,106
7,344,369,1329,0,0,121
7,345,369,1329,0,0,120
7,346,369,1329,0,0,108
7,347,369,1329,0,0,108
7,348,369,1329,0,0,113
7,349,369,1329,0,0,109
7,350,369,1329,0,0,83
7,351,369,1329,0,0,145
7,352,369,1329,0,0,146
7,353,369,1329,0,0,116
7,354,369,1329,0,0,116
7,355,363,1332,0.865,0.433,114
7,356,363,1332,0,0,117
7,357,363,1332,0,0,107
7,358,363,1332,0,0,123
8,34,1992,834,-1,-1,100
8,35,1992,834,0,0,99
8,36,1992,834,0,0,93
8,37,1992,834,0,0,103
8,38,1992,834,0,0,103
8,39,1992,834,0,0,114
8,40,1992,834,0,0,87
8,41,1992,834,0,0,89
8,42,1971,843,2.947,1.474,97
8,43,1971,843,0,0,101
8,44,1971,843,0,0,104
8,45,1971,843,0,0,109
8,46,1971,843,0,0,109
8,47,1971,843,0,0,125
8,48,1971,843,0,0,97
8,49,1971,843,0,0,75
8,50,1971,843,0,0,143
8,103,1743,834,29.435,14.717,125
8,104,1743,834,0,0,173
8,105,1743,834,0,0,104
8,106,1743,834,0,0,104
8,107,1743,834,0,0,81
8,108,1743,834,0,0,88
8,109,1743,834,0,0,154
8,171,1383,975,49.875,24.937,89
8,172,1383,975,0,0,92
8,173,1383,975,0,0,113
8,174,1383,975,0,0,114
8,175,1368,981,2.084,1.042,88
8,176,1368,981,0,0,86
8,177,1368,981,0,0,126
8,178,1368,981,0,0,113
8,179,1368,981,0,0,128
8,180,1368,981,0,0,97
8,213,1275,1035,13.873,6.936,92
8,214,1275,1035,0,0,149
8,215,1275,1035,0,0,119
8,216,1275,1035,0,0,132
8,217,1248,1044,3.671,1.836,113
8,218,1248,1044,0,0,113
8,219,1248,1044,0,0,127
8,220,1248,1044,0,0,114
8,221,1248,1044,0,0,132
8,222,1248,1044,0,0,99
8,249,1104,1137,22.113,11.057,118
8,250,1104,1137,0,0,109
8,251,1104,1137,0,0,129
8,252,1104,1137,0,0,130
8,293,846,1293,38.893,19.447,103
8,294,846,1293,0,0,140
8,295,846,1293,0,0,84
8,296,846,1293,0,0,83
8,297,846,1293,0,0,83
8,298,846,1293,0,0,103
8,299,813,1314,5.046,2.523,85
8,300,813,1314,0,0,115
8,301,813,1314,0,0,118
8,302,813,1314,0,0,119
8,303,771,1308,5.473,2.737,119
8,304,771,1308,0,0,119
8,305,771,1308,0,0,105
8,329,648,1362,17.329,8.664,101
8,330,648,1362,0,0,136
8,331,648,1362,0,0,87
8,332,648,1362,0,0,96
8,333,648,1362,0,0,96
8,334,648,1362,0,0,112
8,335,648,1362,0,0,100
8,336,648,1362,0,0,91
8,360,558,1392,12.238,6.119,88
8,361,558,1392,0,0,88
9,56,1923,780,-1,-1,106
9,57,1923,780,0,0,97
9,58,1923,780,0,0,100
9,59,1893,777,3.889,1.945,132
9,60,1893,777,0,0,132
9,61,1893,777,0,0,100
9,62,1893,777,0,0,97
9,63,1893,777,0,0,125
9,64,1893,777,0,0,105
9,65,1893,777,0,0,80
9,66,1875,765,2.791,1.395,112
9,67,1875,765,0,0,112
9,68,1875,765,0,0,128
9,69,1875,765,0,0,142
9,70,1875,765,0,0,169
9,71,1875,765,0,0,133
9,72,1875,765,0,0,96
9,73,1875,765,0,0,83
9,74,1875,765,0,0,83
9,75,1875,765,0,0,111
9,76,1875,765,0,0,106
9,77,1875,765,0,0,126
9,125,1590,807,37.162,18.581,143
9,126,1590,807,0,0,132
9,127,1590,807,0,0,116
9,128,1590,807,0,0,90
9,129,1563,816,3.671,1.836,128
9,130,1563,816,0,0,132
9,131,1563,816,0,0,130
9,132,1563,816,0,0,130
9,162,1398,867,22.279,11.139,119
9,163,1398,867,0,0,114
9,164,1398,867,0,0,93
9,165,1398,867,0,0,92
9,166,1398,867,0,0,99
9,190,1293,921,15.231,7.616,138
9,191,1293,921,0,0,147
9,192,1293,921,0,0,156
9,193,1293,921,0,0,143
9,194,1293,921,0,0,152
9,195,1293,921,0,0,146
9,196,1293,921,0,0,146
9,197,1293,921,0,0,135
9,198,1293,921,0,0,142
9,199,1293,921,0,0,119
9,200,1293,921,0,0,122
9,201,1293,921,0,0,101
9,202,1293,921,0,0,103
9,203,1293,921,0,0,134
9,204,1293,921,0,0,134
9,205,1293,921,0,0,133
9,232,1146,1029,23.531,11.765,109
9,233,1146,1029,0,0,73
9,234,1146,1029,0,0,98
9,235,1146,1029,0,0,96
9,236,1146,1029,0,0,85
9,237,1146,1029,0,0,97
9,238,1146,1029,0,0,102
9,239,1146,1029,0,0,102
9,240,1104,1044,5.753,2.877,139
9,241,1104,1044,0,0,122
9,242,1104,1044,0,0,110
9,273,906,1185,31.357,15.678,106
9,274,906,1185,0,0,119
9,275,906,1185,0,0,119
9,276,906,1185,0,0,128
9,277,906,1185,0,0,112
9,278,906,1185,0,0,99
9,279,906,1185,0,0,91
9,280,906,1185,0,0,95
9,281,906,1185,0,0,94
9,282,882,1188,3.12,1.56,116
9,283,882,1188,0,0,94
9,284,882,1188,0,0,78
9,285,882,1188,0,0,82
9,286,882,1188,0,0,106
9,287,882,1188,0,0,116
9,288,882,1188,0,0,113
9,317,696,1272,26.327,13.164,80
9,318,696,1272,0,0,80
9,319,696,1272,0,0,99
9,320,696,1272,0,0,97
9,321,696,1272,0,0,108
9,322,696,1272,0,0,99
9,323,696,1272,0,0,92
9,324,669,1278,3.568,1.784,123
9,325,669,1278,0,0,123
9,326,669,1278,0,0,121
10,1,1548,786,-1,-1,125
10,2,1548,786,0,0,94
10,3,1548,786,0,0,94
10,4,1548,786,0,0,156
10,5,1506,795,5.541,2.77,130
10,6,1506,795,0,0,130
10,7,1506,795,0,0,113
10,8,1467,756,7.115,3.557,124
10,9,1467,756,0,0,124
10,10,1467,756,0,0,124
10,11,1467,756,0,0,128
10,12,1467,756,0,0,125
10,13,1467,756,0,0,109
10,14,1434,756,4.257,2.128,133
10,15,1434,756,0,0,135
10,16,1434,756,0,0,135
10,17,1434,756,0,0,135
10,18,1434,768,1.548,0.774,130
10,19,1434,768,0,0,128
10,20,1410,795,4.66,2.33,128
10,21,1410,795,0,0,129
10,22,1410,795,0,0,130
10,23,1410,795,0,0,127
10,24,1410,795,0,0,127
10,25,1392,777,3.284,1.642,123
10,26,1392,777,0,0,107
10,27,1392,777,0,0,102
10,28,1392,777,0,0,122
10,29,1362,789,4.168,2.084,127
10,30,1362,789,0,0,124
10,31,1362,789,0,0,124
10,32,1362,789,0,0,128
10,33,1362,789,0,0,128
10,34,1362,789,0,0,126
10,35,1362,789,0,0,130
10,36,1368,804,2.084,1.042,125
10,37,1368,804,0,0,128
10,38,1368,804,0,0,128
10,39,1374,849,5.856,2.928,146
10,40,1374,849,0,0,137
10,41,1374,849,0,0,135
10,42,1374,849,0,0,139
10,43,1374,849,0,0,142
10,44,1374,849,0,0,142
10,45,1374,849,0,0,142
10,46,1374,849,0,0,142
10,47,1374,864,1.935,0.968,119
10,48,1374,864,0,0,121
10,49,1374,864,0,0,143
10,50,1374,864,0,0,97
10,51,1362,897,4.53,2.265,128
10,52,1362,897,0,0,125
10,53,1362,897,0,0,125
10,54,1362,897,0,0,87
10,55,1326,897,4.644,2.322,133
10,56,1326,897,0,0,132
10,57,1326,897,0,0,133
10,58,1290,882,5.031,2.516,120
10,59,1290,882,0,0,122
10,60,1290,882,0,0,122
10,61,1290,882,0,0,103
10,62,1266,924,6.24,3.12,137
10,63,1266,924,0,0,140
10,64,1266,924,0,0,143
10,65,1266,924,0,0,142
10,66,1266,987,8.127,4.064,113
10,67,1266,987,0,0,113
10,68,1266,987,0,0,111
10,69,1266,987,0,0,113
10,70,1266,987,0,0,109
10,71,1272,1029,5.473,2.737,136
10,72,1272,1029,0,0,189
10,73,1272,1029,0,0,166
10,74,1254,1005,3.87,1.935,83
10,75,1254,1005,0,0,85
10,76,1254,1005,0,0,87
10,77,1254,1005,0,0,78
10,78,1254,1005,0,0,69
10,79,1215,1008,5.046,2.523,127
10,80,1215,1008,0,0,130
10,81,1215,1008,0,0,130
10,82,1215,1008,0,0,126
10,83,1215,1008,0,0,127
10,84,1215,1008,0,0,125
10,85,1215,1008,0,0,128
10,86,1203,1029,3.12,1.56,124
10,87,1203,1029,0,0,125
10,88,1203,1029,0,0,125
10,89,1203,1029,0,0,126
10,90,1203,1029,0,0,126
10,91,1203,1029,0,0,145
10,92,1203,1029,0,0,146
10,93,1203,1029,0,0,119
10,94,1161,987,7.662,3.831,128
10,95,1161,987,0,0,126
10,96,1161,987,0,0,126
10,97,1161,987,0,0,106
10,98,1134,987,3.483,1.742,126
10,99,1134,987,0,0,128
10,100,1134,987,0,0,130
10,101,1134,987,0,0,129
10,102,1134,987,0,0,109
10,103,1128,1008,2.817,1.409,119
10,104,1128,1008,0,0,99
10,105,1128,1008,0,0,80
10,106,1128,1008,0,0,86
10,107,1095,990,4.849,2.425,134
10,108,1095,990,0,0,108
10,109,1095,990,0,0,110
10,110,1077,1032,5.895,2.947,133
10,111,1077,1032,0,0,135
10,112,1077,1032,0,0,135
10,113,1071,1074,5.473,2.737,131
10,114,1071,1074,0,0,128
10,115,1071,1074,0,0,128
10,116,1071,1074,0,0,128
10,117,1071,1074,0,0,128
10,118,1071,1074,0,0,82
10,119,1071,1074,0,0,100
10,120,1023,1080,6.24,3.12,123
10,121,1023,1080,0,0,125
10,122,1023,1080,0,0,101
10,123,987,1089,4.787,2.393,127
10,124,987,1089,0,0,127
10,125,987,1089,0,0,101
10,126,987,1089,0,0,85
10,127,951,1092,4.66,2.33,135
10,128,951,1092,0,0,131
10,129,951,1092,0,0,126
10,130,951,1092,0,0,130
10,131,951,1092,0,0,127
10,132,921,1065,5.207,2.603,103
10,133,921,1065,0,0,99
10,134,921,1065,0,0,98
10,135,921,1065,0,0,96
10,136,921,1065,0,0,97
10,137,921,1065,0,0,109
10,138,921,1065,0,0,106
10,139,921,1065,0,0,106
10,140,912,1092,3.671,1.836,114
10,141,912,1092,0,0,99
10,142,912,1092,0,0,113
10,143,912,1092,0,0,101
10,144,876,1128,6.568,3.284,125
10,145,876,1128,0,0,83
10,146,876,1128,0,0,83
10,147,876,1128,0,0,94
10,148,876,1128,0,0,125
10,149,846,1146,4.513,2.257,132
10,150,846,1146,0,0,115
10,151,846,1146,0,0,113
10,152,846,1146,0,0,106
10,153,846,1146,0,0,106
10,154,831,1155,2.257,1.128,82
10,155,831,1155,0,0,99
10,156,831,1155,0,0,85
10,157,831,1155,0,0,76
10,158,831,1155,0,0,119
10,159,792,1164,5.163,2.582,137
10,160,792,1164,0,0,137
10,161,792,1164,0,0,129
10,162,792,1164,0,0,119
10,163,792,1164,0,0,121
10,164,792,1164,0,0,126
10,165,813,1209,6.406,3.203,133
10,166,813,1209,0,0,132
10,167,813,1209,0,0,129
10,168,813,1209,0,0,129
10,169,807,1233,3.191,1.596,128
10,170,807,1233,0,0,131
10,171,807,1233,0,0,131
10,172,807,1233,0,0,129
10,173,807,1233,0,0,126
10,174,807,1233,0,0,130
10,175,807,1248,1.935,0.968,131
10,176,807,1248,0,0,132
10,177,807,1248,0,0,131
10,178,807,1248,0,0,130
10,179,807,1248,0,0,129
10,180,807,1248,0,0,130
10,181,807,1248,0,0,137
10,182,807,1248,0,0,137
10,183,801,1269,2.817,1.409,130
10,184,801,1269,0,0,128
10,185,801,1269,0,0,128
10,186,801,1269,0,0,121
10,187,801,1269,0,0,126
10,188,801,1269,0,0,130
10,189,801,1269,0,0,130
10,190,840,1299,6.347,3.174,125
10,191,840,1299,0,0,93
10,192,840,1299,0,0,87
10,193,840,1299,0,0,97
10,194,840,1332,4.257,2.128,132
10,195,840,1332,0,0,91
10,196,840,1332,0,0,91
10,197,840,1332,0,0,101
10,198,840,1371,5.031,2.516,135
10,199,840,1371,0,0,132
10,200,840,1371,0,0,123
10,201,840,1371,0,0,89
10,202,843,1392,2.737,1.368,130
10,203,843,1392,0,0,130
10,204,843,1392,0,0,130
10,205,804,1383,5.163,2.582,132
10,206,804,1383,0,0,129
10,207,804,1383,0,0,132
10,208,804,1383,0,0,129
10,209,747,1356,8.136,4.068,129
10,210,747,1356,0,0,128
10,211,747,1356,0,0,128
10,212,747,1356,0,0,132
10,213,747,1356,0,0,123
10,214,747,1356,0,0,113
10,215,660,1323,12.003,6.002,128
10,216,660,1323,0,0,125
10,217,660,1323,0,0,130
10,218,660,1323,0,0,130
10,219,642,1353,4.513,2.257,130
10,220,642,1353,0,0,129
10,221,642,1353,0,0,127
10,222,642,1353,0,0,130
10,223,642,1353,0,0,128
10,224,642,1353,0,0,129
10,225,642,1353,0,0,129
10,226,621,1353,2.709,1.355,113
10,227,621,1353,0,0,113
10,228,621,1353,0,0,116
10,229,621,1353,0,0,113
10,230,579,1350,5.432,2.716,128
10,231,579,1350,0,0,128
10,232,579,1350,0,0,128
10,233,579,1350,0,0,131
10,234,579,1350,0,0,129
10,235,579,1350,0,0,131
10,236,585,1431,10.478,5.239,127
10,237,585,1431,0,0,128
10,238,585,1431,0,0,121
10,239,585,1431,0,0,121
10,240,558,1446,3.984,1.992,125
10,241,558,1446,0,0,130
10,242,558,1446,0,0,128
10,243,558,1446,0,0,128
10,244,558,1446,0,0,93
10,245,558,1446,0,0,113
10,246,558,1446,0,0,135
10,247,540,1482,5.192,2.596,128
10,248,540,1482,0,0,131
10,249,540,1482,0,0,95
10,250,498,1497,5.753,2.877,125
10,251,498,1497,0,0,124
10,252,498,1497,0,0,107
10,253,498,1497,0,0,89
10,254,465,1512,4.676,2.338,116
10,255,465,1512,0,0,116
10,256,465,1512,0,0,122
10,257,465,1512,0,0,81
10,258,465,1512,0,0,101
10,259,465,1512,0,0,87
10,260,396,1479,9.867,4.933,124
10,261,396,1479,0,0,124
10,262,396,1479,0,0,128
10,263,396,1479,0,0,135
10,264,396,1479,0,0,86
10,265,360,1449,6.045,3.023,123
10,266,360,1449,0,0,120
10,267,360,1449,0,0,123
10,268,360,1449,0,0,123
10,269,339,1440,2.947,1.474,125
10,270,339,1440,0,0,127
10,271,339,1440,0,0,130
10,272,339,1440,0,0,128
10,273,339,1500,7.74,3.87,128
10,274,339,1500,0,0,121
10,275,339,1500,0,0,121
10,276,339,1500,0,0,82
10,277,312,1527,4.926,2.463,131
10,278,312,1527,0,0,128
10,279,312,1527,0,0,125
10,280,312,1527,0,0,125
10,281,318,1572,5.856,2.928,130
10,282,318,1572,0,0,130
10,283,318,1572,0,0,125
10,284,318,1572,0,0,123
10,285,318,1572,0,0,128
10,286,318,1572,0,0,125
10,287,318,1572,0,0,86
10,288,318,1572,0,0,103
10,289,294,1584,3.461,1.731,131
10,290,294,1584,0,0,131
10,291,294,1584,0,0,131
10,292,273,1590,2.817,1.409,133
10,293,273,1590,0,0,133
10,294,273,1590,0,0,131
10,295,273,1590,0,0,130
10,296,273,1590,0,0,128
10,297,204,1539,11.068,5.534,106
10,298,204,1539,0,0,104
10,299,204,1539,0,0,110
10,300,204,1539,0,0,103
10,301,195,1506,4.412,2.206,128
10,302,195,1506,0,0,136
10,303,195,1506,0,0,85
10,304,195,1506,0,0,85
10,305,174,1527,3.831,1.916,103
10,306,174,1527,0,0,103
10,307,150,1485,6.24,3.12,127
10,308,150,1485,0,0,99
10,309,150,1485,0,0,139
10,310,123,1485,3.483,1.742,128
10,311,123,1485,0,0,128
10,312,123,1485,0,0,120
10,313,99,1488,3.12,1.56,98
10,314,99,1488,0,0,99
10,315,99,1488,0,0,101
10,316,99,1476,1.548,0.774,130
10,317,99,1476,0,0,94
10,318,99,1476,0,0,94
10,319,78,1452,4.114,2.057,126
10,320,78,1452,0,0,132
10,321,78,1452,0,0,132
10,322,69,1434,2.596,1.298,116
10,323,69,1434,0,0,120
10,324,69,1434,0,0,128
10,325,69,1434,0,0,128
10,326,54,1422,2.478,1.239,127
10,327,54,1422,0,0,147
10,328,54,1422,0,0,115
10,329,33,1437,3.329,1.665,126
10,330,33,1437,0,0,130
10,331,33,1437,0,0,149
10,332,33,1437,0,0,83
10,333,33,1437,0,0,83
10,334,18,1455,3.023,1.511,93
10,335,18,1455,0,0,86
10,336,18,1455,0,0,99
11,1,1848,777,-1,-1,117
11,2,1812,777,4.644,2.322,113
11,3,1812,777,0,0,113
11,4,1812,777,0,0,120
11,5,1812,777,0,0,113
11,6,1797,777,1.935,0.967,123
11,7,1797,777,0,0,116
11,8,1797,777,0,0,105
11,9,1752,786,5.92,2.96,116
11,10,1752,786,0,0,116
11,11,1752,786,0,0,114
11,12,1752,786,0,0,114
11,13,1752,786,0,0,114
11,14,1752,786,0,0,118
11,15,1734,783,2.354,1.177,108
11,16,1734,783,0,0,112
11,17,1734,783,0,0,112
11,18,1734,783,0,0,102
11,19,1701,774,4.412,2.206,103
11,20,1701,774,0,0,102
11,21,1701,774,0,0,106
11,22,1701,774,0,0,107
11,23,1701,774,0,0,101
11,24,1701,774,0,0,101
11,25,1701,774,0,0,137
11,26,1701,774,0,0,121
11,27,1668,774,4.257,2.128,132
11,28,1668,774,0,0,132
11,29,1668,774,0,0,124
11,30,1641,777,3.504,1.752,108
11,31,1641,777,0,0,108
11,32,1641,777,0,0,118
11,33,1641,777,0,0,121
11,34,1641,777,0,0,116
11,35,1641,777,0,0,109
11,36,1641,777,0,0,110
11,37,1641,777,0,0,129
11,38,1641,777,0,0,129
11,39,1641,777,0,0,138
11,40,1629,771,1.731,0.865,103
11,41,1629,771,0,0,109
11,42,1629,771,0,0,118
11,43,1629,771,0,0,131
11,44,1629,771,0,0,128
11,45,1629,771,0,0,120
11,46,1629,771,0,0,120
11,47,1629,771,0,0,119
11,48,1629,771,0,0,110
11,49,1629,771,0,0,112
11,50,1629,771,0,0,114
11,51,1611,771,2.322,1.161,135
11,52,1611,771,0,0,123
11,53,1611,771,0,0,123
11,54,1596,774,1.973,0.987,98
11,55,1596,774,0,0,125
11,56,1596,774,0,0,111
11,57,1587,774,1.161,0.581,101
11,58,1554,792,4.849,2.425,101
11,59,1554,792,0,0,100
11,60,1554,792,0,0,100
11,61,1554,792,0,0,108
11,62,1554,792,0,0,125
11,63,1554,792,0,0,103
11,64,1539,801,2.257,1.128,123
11,65,1530,822,2.947,1.474,107
11,66,1530,822,0,0,118
11,67,1530,822,0,0,118
11,68,1530,822,0,0,120
11,69,1530,822,0,0,117
11,70,1530,822,0,0,121
11,71,1530,822,0,0,97
11,72,1530,822,0,0,85
11,73,1521,819,1.224,0.612,109
11,74,1521,819,0,0,109
11,75,1521,819,0,0,124
11,76,1521,819,0,0,87
11,77,1521,819,0,0,109
11,78,1488,819,4.257,2.128,115
11,79,1488,819,0,0,116
11,80,1488,819,0,0,101
11,81,1488,819,0,0,101
11,82,1488,819,0,0,103
11,83,1461,828,3.671,1.836,103
11,84,1461,828,0,0,113
11,85,1461,828,0,0,92
11,86,1461,828,0,0,94
11,87,1461,828,0,0,96
11,88,1452,837,1.642,0.821,102
11,89,1452,837,0,0,94
11,90,1452,837,0,0,102
11,91,1443,858,2.947,1.474,127
11,92,1443,858,0,0,125
11,93,1443,858,0,0,121
11,94,1443,858,0,0,111
11,95,1443,858,0,0,124
11,96,1443,858,0,0,124
11,97,1410,894,6.3,3.15,114
11,98,1410,894,0,0,128
11,99,1410,894,0,0,121
11,100,1410,894,0,0,126
11,101,1410,894,0,0,114
11,102,1410,894,0,0,109
11,103,1410,894,0,0,109
11,104,1410,894,0,0,110
11,105,1410,894,0,0,110
11,106,1392,903,2.596,1.298,108
11,107,1392,903,0,0,121
11,108,1392,903,0,0,105
11,109,1392,903,0,0,101
11,110,1362,906,3.889,1.945,106
11,111,1362,906,0,0,114
11,112,1362,906,0,0,113
11,113,1353,918,1.935,0.967,107
11,114,1353,918,0,0,110
11,115,1353,918,0,0,118
11,116,1353,918,0,0,119
11,117,1353,918,0,0,119
11,118,1353,918,0,0,92
11,119,1353,918,0,0,106
11,120,1326,927,3.671,1.836,88
11,121,1326,927,0,0,107
11,122,1305,942,3.329,1.665,100
11,123,1305,942,0,0,93
11,124,1305,942,0,0,93
11,125,1239,966,9.059,4.53,114
11,126,1239,966,0,0,121
11,127,1239,966,0,0,101
11,128,1239,966,0,0,108
11,129,1239,966,0,0,103
11,130,1239,966,0,0,102
11,131,1197,999,6.89,3.445,101
11,132,1197,999,0,0,101
11,133,1188,975,3.307,1.653,109
11,134,1188,975,0,0,108
11,135,1188,975,0,0,108
11,136,1188,975,0,0,101
11,137,1188,975,0,0,101
11,138,1188,975,0,0,108
11,139,1188,975,0,0,108
11,140,1188,975,0,0,109
11,141,1188,975,0,0,110
11,142,1140,987,6.383,3.191,119
11,143,1140,987,0,0,121
11,144,1140,987,0,0,107
11,145,1140,987,0,0,114
11,146,1140,987,0,0,114
11,147,1098,1014,6.441,3.22,119
11,148,1098,1014,0,0,116
11,149,1098,1014,0,0,113
11,150,1098,1014,0,0,130
11,151,1098,1014,0,0,130
11,152,1098,1014,0,0,116
11,153,1098,1014,0,0,116
11,154,1098,1014,0,0,103
11,155,1098,1014,0,0,109
11,156,1080,1026,2.791,1.395,111
11,157,1080,1026,0,0,113
11,158,1080,1026,0,0,111
11,159,1080,1026,0,0,108
11,160,1080,1026,0,0,108
11,161,1044,1050,5.581,2.791,117
11,162,1044,1050,0,0,116
11,163,1044,1050,0,0,115
11,164,1044,1050,0,0,127
11,165,1044,1050,0,0,126
11,166,1044,1050,0,0,105
11,167,1044,1050,0,0,93
11,168,1011,1059,4.412,2.206,107
11,169,1011,1059,0,0,113
11,170,1011,1059,0,0,106
11,171,1011,1059,0,0,109
11,172,1011,1059,0,0,131
11,173,1011,1059,0,0,107
11,174,1011,1059,0,0,108
11,175,1011,1059,0,0,108
11,176,1011,1059,0,0,97
11,177,1011,1059,0,0,92
11,178,1002,1077,2.596,1.298,109
11,179,1002,1077,0,0,100
11,180,1002,1077,0,0,90
11,181,1002,1077,0,0,95
11,182,1002,1077,0,0,95
11,183,1002,1077,0,0,92
11,184,1002,1077,0,0,93
11,185,1002,1077,0,0,103
11,186,1002,1077,0,0,108
11,187,996,1098,2.817,1.409,108
11,188,996,1098,0,0,111
11,189,996,1098,0,0,111
11,190,996,1098,0,0,112
11,191,996,1098,0,0,116
11,192,996,1098,0,0,116
11,193,996,1098,0,0,101
11,194,996,1098,0,0,110
11,195,996,1098,0,0,110
11,196,999,1122,3.12,1.56,110
11,197,999,1122,0,0,108
11,198,999,1122,0,0,103
11,199,999,1122,0,0,105
11,200,999,1122,0,0,95
11,201,999,1122,0,0,95
11,202,999,1122,0,0,99
11,203,999,1122,0,0,98
11,204,999,1122,0,0,98
11,205,999,1122,0,0,121
11,206,978,1134,3.12,1.56,110
11,207,978,1134,0,0,102
11,208,978,1134,0,0,108
11,209,978,1134,0,0,106
11,210,969,1182,6.3,3.15,111
11,211,969,1182,0,0,111
11,212,969,1182,0,0,113
11,213,969,1182,0,0,130
11,214,969,1182,0,0,119
11,215,969,1182,0,0,115
11,216,930,1191,5.163,2.582,94
11,217,930,1191,0,0,94
11,218,930,1191,0,0,94
11,219,930,1191,0,0,97
11,220,930,1191,0,0,119
11,221,930,1191,0,0,112
11,222,918,1215,3.461,1.731,103
11,223,918,1215,0,0,95
11,224,918,1215,0,0,90
11,225,918,1215,0,0,90
11,226,918,1215,0,0,99
11,227,918,1215,0,0,85
11,228,918,1215,0,0,86
11,229,894,1230,3.651,1.825,104
11,230,894,1230,0,0,114
11,231,894,1230,0,0,101
11,232,894,1230,0,0,101
11,233,894,1230,0,0,101
11,234,864,1251,4.724,2.362,108
11,235,864,1251,0,0,108
11,236,864,1251,0,0,96
11,237,864,1251,0,0,93
11,238,864,1251,0,0,89
11,239,864,1251,0,0,89
11,240,810,1260,7.062,3.531,99
11,241,810,1260,0,0,108
11,242,810,1260,0,0,100
11,243,810,1260,0,0,108
11,244,810,1260,0,0,101
11,245,810,1260,0,0,107
11,246,786,1293,5.264,2.632,106
11,247,786,1293,0,0,106
11,248,786,1293,0,0,99
11,249,786,1293,0,0,120
11,250,786,1293,0,0,105
11,251,765,1302,2.947,1.474,108
11,252,723,1326,6.24,3.12,104
11,253,723,1326,0,0,118
11,254,723,1326,0,0,118
11,255,699,1347,4.114,2.057,108
11,256,699,1347,0,0,114
11,257,699,1347,0,0,116
11,258,699,1347,0,0,140
11,259,699,1347,0,0,126
11,260,642,1350,7.363,3.682,110
11,261,642,1350,0,0,110
11,262,642,1350,0,0,98
11,263,642,1350,0,0,110
11,264,642,1350,0,0,106
11,265,642,1350,0,0,112
11,266,642,1350,0,0,111
11,267,642,1350,0,0,114
11,268,642,1350,0,0,114
11,269,642,1350,0,0,98
11,270,642,1350,0,0,91
11,271,624,1359,2.596,1.298,112
11,272,624,1359,0,0,92
11,273,624,1359,0,0,85
11,274,624,1359,0,0,103
11,275,624,1359,0,0,103
11,276,603,1365,2.817,1.409,91
11,277,603,1365,0,0,106
11,278,603,1365,0,0,95
11,279,603,1365,0,0,98
11,280,603,1365,0,0,107
11,281,573,1401,6.045,3.023,92
11,282,573,1401,0,0,92
11,283,573,1401,0,0,89
11,284,573,1401,0,0,87
11,285,573,1401,0,0,93
11,286,573,1401,0,0,96
11,287,573,1401,0,0,90
11,288,540,1395,4.327,2.163,106
11,289,540,1395,0,0,112
11,290,540,1395,0,0,112
11,291,540,1395,0,0,110
11,292,540,1395,0,0,89
11,293,540,1395,0,0,104
11,294,492,1410,6.487,3.244,115
11,295,492,1410,0,0,113
11,296,492,1410,0,0,106
11,297,492,1410,0,0,106
11,298,492,1410,0,0,94
11,299,453,1422,5.264,2.632,101
11,300,453,1422,0,0,115
11,301,453,1422,0,0,109
11,302,453,1422,0,0,115
11,303,453,1422,0,0,119
11,304,453,1422,0,0,119
11,305,453,1422,0,0,118
11,306,453,1422,0,0,108
11,307,438,1410,2.478,1.239,103
11,308,438,1410,0,0,109
11,309,438,1410,0,0,112
11,310,438,1410,0,0,131
11,310,402,1419,4.787,2.393,117
11,311,402,1419,0,0,117
11,312,402,1419,0,0,106
11,313,402,1419,0,0,103
11,314,402,1419,0,0,114
11,315,402,1419,0,0,101
11,316,372,1437,4.513,2.257,119
11,317,372,1437,0,0,142
11,318,372,1437,0,0,142
11,319,372,1437,0,0,114
11,320,372,1437,0,0,119
11,321,372,1437,0,0,115
11,322,372,1437,0,0,113
11,323,348,1440,3.12,1.56,120
11,324,348,1440,0,0,109
11,325,348,1440,0,0,109
11,326,348,1440,0,0,107
11,327,348,1440,0,0,92
11,328,330,1431,2.596,1.298,124
11,329,330,1431,0,0,114
11,330,330,1431,0,0,107
11,331,330,1431,0,0,101
11,332,330,1431,0,0,92
11,333,315,1431,1.935,0.967,101
11,334,315,1431,0,0,114
11,335,315,1431,0,0,123
11,336,315,1431,0,0,97
11,337,315,1431,0,0,100
11,338,234,1446,10.627,5.313,116
11,339,234,1446,0,0,119
11,340,234,1446,0,0,119
11,341,234,1446,0,0,121
11,342,234,1446,0,0,114
11,343,234,1446,0,0,102
11,344,222,1440,1.731,0.865,119
11,345,222,1440,0,0,116
11,346,222,1440,0,0,116
11,347,222,1440,0,0,116
11,348,222,1440,0,0,116
11,349,222,1440,0,0,127
11,350,222,1440,0,0,116
11,351,222,1440,0,0,116
11,352,222,1440,0,0,108
11,353,222,1440,0,0,119
11,354,201,1458,3.568,1.784,125
11,355,201,1458,0,0,112
11,356,201,1458,0,0,109
11,357,201,1458,0,0,109
11,358,201,1458,0,0,106
11,359,201,1458,0,0,121
11,360,201,1458,0,0,114
12,28,1944,801,-1,-1,114
12,29,1944,801,0,0,111
12,30,1944,801,0,0,92
12,31,1944,801,0,0,92
12,32,1941,807,0.865,0.433,92
12,33,1941,807,0,0,83
12,34,1941,807,0,0,109
12,35,1941,807,0,0,108
12,36,1941,807,0,0,93
12,37,1905,801,4.708,2.354,99
12,38,1905,801,0,0,99
12,39,1905,801,0,0,132
12,40,1905,801,0,0,113
12,41,1905,801,0,0,114
12,42,1905,801,0,0,116
12,43,1905,801,0,0,123
12,44,1905,801,0,0,125
12,45,1905,798,0.387,0.193,120
12,46,1905,798,0,0,120
12,47,1905,798,0,0,125
12,48,1905,798,0,0,119
12,49,1893,801,1.596,0.798,80
12,50,1893,801,0,0,76
12,51,1893,801,0,0,66
12,52,1893,801,0,0,75
12,53,1878,807,2.084,1.042,89
12,54,1878,807,0,0,106
12,55,1878,807,0,0,69
12,56,1878,807,0,0,73
12,57,1878,807,0,0,77
12,58,1845,822,4.676,2.338,71
12,59,1845,822,0,0,78
12,60,1845,822,0,0,78
12,61,1845,822,0,0,92
12,62,1839,816,1.095,0.547,106
12,63,1839,816,0,0,111
12,64,1839,816,0,0,93
12,65,1839,816,0,0,103
12,66,1812,780,5.805,2.902,171
12,67,1812,780,0,0,171
12,68,1812,780,0,0,89
12,69,1812,780,0,0,83
12,70,1812,780,0,0,89
12,71,1812,780,0,0,86
12,72,1779,783,4.275,2.137,132
12,73,1779,783,0,0,108
12,74,1779,783,0,0,108
12,75,1779,783,0,0,94
12,76,1779,783,0,0,106
12,77,1779,783,0,0,92
12,78,1779,783,0,0,92
12,79,1737,783,5.418,2.709,105
12,80,1737,783,0,0,92
12,81,1737,783,0,0,92
12,82,1737,783,0,0,98
12,83,1737,783,0,0,100
12,84,1737,783,0,0,103
12,85,1737,783,0,0,106
12,86,1725,771,2.189,1.095,105
12,87,1725,771,0,0,96
12,88,1725,771,0,0,96
12,89,1725,771,0,0,109
12,90,1725,771,0,0,110
12,91,1725,771,0,0,108
12,92,1725,771,0,0,98
12,93,1725,771,0,0,128
12,94,1725,771,0,0,110
12,95,1725,771,0,0,101
12,96,1725,771,0,0,101
12,97,1725,771,0,0,80
12,98,1710,780,2.257,1.128,109
12,99,1710,780,0,0,106
12,100,1710,780,0,0,127
12,101,1710,780,0,0,90
12,102,1710,780,0,0,97
12,103,1710,780,0,0,97
12,104,1710,780,0,0,101
12,105,1710,780,0,0,130
12,106,1701,801,2.947,1.474,94
12,107,1701,801,0,0,84
12,108,1701,801,0,0,99
12,109,1701,801,0,0,152
12,110,1701,801,0,0,152
12,111,1668,816,4.676,2.338,81
12,112,1668,816,0,0,80
12,113,1668,816,0,0,141
12,114,1668,816,0,0,121
12,115,1626,831,5.753,2.877,135
12,116,1626,831,0,0,101
12,117,1626,831,0,0,101
12,118,1626,831,0,0,73
12,119,1626,831,0,0,75
12,120,1626,831,0,0,91
12,121,1581,849,6.252,3.126,90
12,122,1581,849,0,0,100
12,123,1581,849,0,0,120
12,124,1581,849,0,0,120
12,125,1539,864,5.753,2.877,91
12,126,1539,864,0,0,86
12,127,1539,864,0,0,91
12,128,1539,864,0,0,116
12,129,1500,867,5.046,2.523,130
12,130,1500,867,0,0,128
12,131,1500,867,0,0,91
12,132,1500,867,0,0,91
12,133,1491,897,4.04,2.02,83
12,134,1491,897,0,0,84
12,135,1491,897,0,0,93
12,136,1491,897,0,0,83
12,137,1491,897,0,0,98
12,138,1491,897,0,0,99
12,139,1491,897,0,0,99
12,140,1491,897,0,0,94
12,141,1464,885,3.812,1.906,87
12,142,1464,885,0,0,83
12,143,1464,885,0,0,91
12,144,1464,885,0,0,114
12,145,1410,909,7.623,3.812,119
12,146,1410,909,0,0,119
12,147,1410,909,0,0,108
12,148,1377,939,5.753,2.877,90
12,149,1377,939,0,0,91
12,150,1377,939,0,0,118
12,151,1377,939,0,0,121
12,152,1377,939,0,0,122
12,153,1377,939,0,0,122
12,154,1377,939,0,0,123
12,155,1377,939,0,0,86
12,156,1377,939,0,0,84
12,157,1344,936,4.275,2.137,111
12,158,1344,936,0,0,95
12,159,1344,936,0,0,95
12,160,1344,936,0,0,95
12,161,1344,936,0,0,107
12,162,1314,930,3.947,1.973,84
12,163,1314,930,0,0,82
12,164,1314,930,0,0,87
12,165,1314,930,0,0,92
12,166,1314,930,0,0,77
12,167,1293,951,3.831,1.916,97
12,168,1293,951,0,0,97
12,169,1293,951,0,0,125
12,170,1293,951,0,0,128
12,171,1293,951,0,0,132
12,172,1293,951,0,0,104
12,173,1293,951,0,0,89
12,174,1293,951,0,0,95
12,175,1266,954,3.504,1.752,108
12,176,1266,954,0,0,104
12,177,1266,954,0,0,108
12,178,1266,954,0,0,116
12,179,1266,954,0,0,111
12,180,1266,954,0,0,109
12,181,1266,954,0,0,101
12,182,1266,954,0,0,101
12,183,1266,954,0,0,107
12,184,1266,954,0,0,100
12,185,1251,975,3.329,1.665,87
12,186,1251,975,0,0,73
12,187,1251,975,0,0,83
12,188,1251,975,0,0,86
12,189,1251,975,0,0,86
12,190,1251,975,0,0,94
12,191,1251,975,0,0,108
12,192,1251,975,0,0,111
12,193,1242,984,1.642,0.821,101
12,194,1242,984,0,0,107
12,195,1242,984,0,0,99
12,196,1242,984,0,0,99
12,197,1242,984,0,0,101
12,198,1242,984,0,0,97
12,199,1242,984,0,0,84
12,200,1242,984,0,0,79
12,201,1242,984,0,0,87
12,202,1242,984,0,0,110
12,203,1242,984,0,0,119
12,204,1230,999,2.478,1.239,87
12,205,1230,999,0,0,94
12,206,1230,999,0,0,87
12,207,1230,999,0,0,121
12,208,1230,999,0,0,101
12,209,1215,1005,2.084,1.042,80
12,210,1215,1005,0,0,94
12,211,1215,1005,0,0,94
12,212,1197,1029,3.87,1.935,115
12,213,1197,1029,0,0,99
12,214,1197,1029,0,0,102
12,215,1197,1029,0,0,94
12,216,1170,1065,5.805,2.902,132
12,217,1170,1065,0,0,99
12,218,1170,1065,0,0,99
12,219,1170,1065,0,0,109
12,220,1170,1065,0,0,109
12,221,1170,1065,0,0,103
12,222,1170,1065,0,0,109
12,223,1140,1068,3.889,1.945,99
12,224,1140,1068,0,0,136
12,225,1140,1068,0,0,136
12,226,1140,1068,0,0,121
12,227,1140,1068,0,0,98
12,228,1140,1068,0,0,101
12,229,1140,1068,0,0,106
12,230,1140,1068,0,0,76
12,231,1104,1101,6.3,3.15,107
12,232,1104,1101,0,0,107
12,233,1104,1101,0,0,157
12,234,1104,1101,0,0,123
12,235,1104,1101,0,0,125
12,236,1065,1116,5.39,2.695,125
12,237,1065,1116,0,0,104
12,238,1065,1116,0,0,86
12,239,1065,1116,0,0,86
12,240,1065,1116,0,0,97
12,241,1065,1116,0,0,81
12,242,1065,1116,0,0,80
12,243,1065,1116,0,0,79
12,244,1038,1143,4.926,2.463,115
12,245,1038,1143,0,0,113
12,246,1038,1143,0,0,81
12,247,1038,1143,0,0,81
12,248,999,1167,5.907,2.954,131
12,249,999,1167,0,0,104
12,250,999,1167,0,0,116
12,251,999,1167,0,0,89
12,252,999,1167,0,0,110
12,253,930,1239,12.864,6.432,135
12,254,936,1218,2.817,1.409,101
12,255,936,1218,0,0,111
12,256,936,1218,0,0,113
12,257,936,1218,0,0,131
12,258,936,1218,0,0,113
12,259,897,1233,5.39,2.695,114
12,260,897,1233,0,0,104
12,261,897,1233,0,0,104
12,262,897,1233,0,0,121
12,263,897,1233,0,0,132
12,264,897,1233,0,0,145
12,265,897,1233,0,0,137
12,266,897,1233,0,0,84
12,267,867,1260,5.207,2.603,139
12,268,867,1260,0,0,139
12,269,867,1260,0,0,136
12,270,867,1260,0,0,109
12,271,867,1260,0,0,90
12,272,867,1260,0,0,78
12,273,867,1260,0,0,108
12,274,867,1260,0,0,117
12,275,822,1281,6.406,3.203,109
12,276,828,1254,3.568,1.784,106
12,277,828,1254,0,0,129
12,278,828,1254,0,0,119
12,279,828,1254,0,0,121
12,280,828,1254,0,0,118
12,281,828,1254,0,0,116
12,282,813,1263,2.257,1.128,104
12,283,813,1263,0,0,110
12,284,813,1263,0,0,93
12,285,813,1263,0,0,127
12,286,813,1263,0,0,147
12,287,813,1263,0,0,97
12,288,813,1263,0,0,112
12,289,813,1263,0,0,110
12,290,813,1263,0,0,110
12,291,801,1266,1.596,0.798,129
12,292,801,1266,0,0,104
12,293,801,1266,0,0,103
12,294,801,1266,0,0,94
12,295,801,1266,0,0,102
12,296,771,1299,5.753,2.877,130
12,297,771,1299,0,0,130
12,298,771,1299,0,0,125
12,299,771,1299,0,0,116
12,300,771,1299,0,0,97
12,301,753,1302,2.354,1.177,92
12,302,753,1302,0,0,92
12,303,753,1302,0,0,97
12,304,753,1302,0,0,97
12,305,753,1302,0,0,94
12,306,753,1302,0,0,85
12,307,753,1302,0,0,91
12,308,708,1314,6.008,3.004,128
12,309,708,1314,0,0,119
12,310,708,1314,0,0,97
12,311,708,1314,0,0,97
12,312,708,1314,0,0,94
12,313,708,1314,0,0,73
12,314,708,1314,0,0,83
12,315,678,1314,3.87,1.935,107
12,316,678,1314,0,0,107
12,317,678,1314,0,0,97
12,318,678,1314,0,0,97
12,319,678,1314,0,0,75
12,320,678,1314,0,0,103
12,321,636,1320,5.473,2.737,115
12,322,636,1320,0,0,130
12,323,636,1320,0,0,85
12,324,636,1320,0,0,93
12,325,636,1320,0,0,93
12,326,636,1320,0,0,87
12,327,636,1320,0,0,134
12,328,591,1365,8.21,4.105,105
12,329,591,1365,0,0,118
12,330,591,1365,0,0,102
12,331,591,1365,0,0,131
12,332,591,1365,0,0,80
12,333,591,1365,0,0,80
12,334,591,1365,0,0,133
12,335,591,1365,0,0,112
12,336,591,1365,0,0,90
12,337,591,1365,0,0,91
12,338,534,1350,7.603,3.802,97
12,339,534,1350,0,0,97
12,340,534,1350,0,0,97
12,341,534,1350,0,0,109
12,342,534,1350,0,0,83
12,343,534,1350,0,0,72
12,344,534,1350,0,0,95
12,345,534,1350,0,0,94
12,346,528,1353,0.865,0.433,73
12,347,528,1353,0,0,73
12,348,528,1353,0,0,76
12,349,528,1353,0,0,76
12,350,528,1353,0,0,79
12,351,513,1371,3.023,1.511,108
12,352,513,1371,0,0,104
12,353,513,1371,0,0,98
12,354,513,1371,0,0,98
12,355,513,1371,0,0,101
12,356,513,1371,0,0,101
12,357,513,1371,0,0,99
12,358,513,1371,0,0,99
12,359,513,1371,0,0,86
12,360,513,1371,0,0,75
12,361,513,1371,0,0,75